entry_id,slug,doi,other_dois,title,journal,year,origin,experiment_id,experiment_title,experiment_goal,figure_refs,liquid_handling,experiment_source,pipeline_state,sufficiency_verdict,critic_verdict,ir_steps,ir_check_errors,task_slug,task_relation,paper_open_access,paper_licence,fulltext_source,fulltext_sections,pdf_status,pdf_url,pdf_sha256,pdf_bytes,pdf_pages,pdf_licence,pdf_redistributable,pdf_cache_file,code_status,code_urls,code_commits,code_licences,code_redistributable,opentrons_py_files,api_levels,code_runnable_on_harbor_stack,code_vendored_in_repo,notes
polymerisation-kinetics-robot#exp1,polymerisation-kinetics-robot,10.1039/d6sc02232d,,A robotic approach to polymerisation kinetics: a case study on copolymerisation parameter estimation,,2026,Amass BiomedCore search (2026-10-03),exp1,Evaporation control: monomer loss test in sealed 48-well reactor without AIBN (BMA-BA),Test whether heating the sealed reactor causes monomer evaporation or absorption into the seal by comparing t0 and t1 NMR composition and conversion in the absence of initiator.,Figure S3 | Table S10,mostly,paper2protocol identify,identified,,,,,,,True,cc by-nc,europepmc:PMC13103962,16,downloaded,https://pmc-oa-opendata.s3.amazonaws.com/PMC13103962.1/PMC13103962.1.pdf,88f209bf6e088c1fb59a89f12b39eddae261f118a615c0461d094cf9aafcdc39,1128258,11,cc by-nc,no,pdf/polymerisation-kinetics-robot.pdf,1 of 2 obtained: cloned | skipped_large,https://github.com/PRDMonash/A-Robotic-Approach-to-Polymerization-Kinetics-A-Case-Study-on-Copolymerization-Parameter-Estimation | https://doi.org/10.26180/32015067,6dd08f5e0c,none | CC BY 4.0,no,5,2.19 | 2.20,not tested,,"PDF paywall-free (CC BY-NC) but publisher/PMC endpoints are bot-blocked; Data availability: GitHub + Monash Bridges dataset (not downloaded, 1.1 GB)"
polymerisation-kinetics-robot#exp2,polymerisation-kinetics-robot,10.1039/d6sc02232d,,A robotic approach to polymerisation kinetics: a case study on copolymerisation parameter estimation,,2026,Amass BiomedCore search (2026-10-03),exp2,"Automated HTP copolymerisation of BMA-BA in 48-well reactor with t0/t1 NMR sampling (20-variant design, 2 h, repeats)","Generate f10-X-F1 data at varied feed ratios and AIBN levels for reactivity ratio estimation of BMA-BA, and check reproducibility across days with re-randomised wells.",Figure 2a | Figure 2b | Figure 4b | Figure 4c | Table 1,mostly,paper2protocol identify,identified,,,,,,,True,cc by-nc,europepmc:PMC13103962,16,downloaded,https://pmc-oa-opendata.s3.amazonaws.com/PMC13103962.1/PMC13103962.1.pdf,88f209bf6e088c1fb59a89f12b39eddae261f118a615c0461d094cf9aafcdc39,1128258,11,cc by-nc,no,pdf/polymerisation-kinetics-robot.pdf,1 of 2 obtained: cloned | skipped_large,https://github.com/PRDMonash/A-Robotic-Approach-to-Polymerization-Kinetics-A-Case-Study-on-Copolymerization-Parameter-Estimation | https://doi.org/10.26180/32015067,6dd08f5e0c,none | CC BY 4.0,no,5,2.19 | 2.20,not tested,,"PDF paywall-free (CC BY-NC) but publisher/PMC endpoints are bot-blocked; Data availability: GitHub + Monash Bridges dataset (not downloaded, 1.1 GB)"
polymerisation-kinetics-robot#exp3,polymerisation-kinetics-robot,10.1039/d6sc02232d,,A robotic approach to polymerisation kinetics: a case study on copolymerisation parameter estimation,,2026,Amass BiomedCore search (2026-10-03),exp3,BMA-BA reaction time and dataset size controls (30 min vs 2 h; 45-point extended f10 range; combined datasets),"Show that varying AIBN concentration rather than time gives consistent reactivity ratios, and assess how the number of datapoints and f10 range affect the confidence interval.",Figure 3a | Figure 3b | Figure 4a | Figure S7 | Figure S8,mostly,paper2protocol identify,identified,,,,,,,True,cc by-nc,europepmc:PMC13103962,16,downloaded,https://pmc-oa-opendata.s3.amazonaws.com/PMC13103962.1/PMC13103962.1.pdf,88f209bf6e088c1fb59a89f12b39eddae261f118a615c0461d094cf9aafcdc39,1128258,11,cc by-nc,no,pdf/polymerisation-kinetics-robot.pdf,1 of 2 obtained: cloned | skipped_large,https://github.com/PRDMonash/A-Robotic-Approach-to-Polymerization-Kinetics-A-Case-Study-on-Copolymerization-Parameter-Estimation | https://doi.org/10.26180/32015067,6dd08f5e0c,none | CC BY 4.0,no,5,2.19 | 2.20,not tested,,"PDF paywall-free (CC BY-NC) but publisher/PMC endpoints are bot-blocked; Data availability: GitHub + Monash Bridges dataset (not downloaded, 1.1 GB)"
polymerisation-kinetics-robot#exp4,polymerisation-kinetics-robot,10.1039/d6sc02232d,,A robotic approach to polymerisation kinetics: a case study on copolymerisation parameter estimation,,2026,Amass BiomedCore search (2026-10-03),exp4,Reactivity ratio determination for six monomer pairs in the 48-vial reactor,"Determine r1 and r2 for BMA-BA, BMA-St, St-BA, St-MMA, GMA-BA and GMA-St using the standard 20-variant HTP copolymerisation workflow.",Figure 5 | Table 2,mostly,paper2protocol identify,identified,,,,,,,True,cc by-nc,europepmc:PMC13103962,16,downloaded,https://pmc-oa-opendata.s3.amazonaws.com/PMC13103962.1/PMC13103962.1.pdf,88f209bf6e088c1fb59a89f12b39eddae261f118a615c0461d094cf9aafcdc39,1128258,11,cc by-nc,no,pdf/polymerisation-kinetics-robot.pdf,1 of 2 obtained: cloned | skipped_large,https://github.com/PRDMonash/A-Robotic-Approach-to-Polymerization-Kinetics-A-Case-Study-on-Copolymerization-Parameter-Estimation | https://doi.org/10.26180/32015067,6dd08f5e0c,none | CC BY 4.0,no,5,2.19 | 2.20,not tested,,"PDF paywall-free (CC BY-NC) but publisher/PMC endpoints are bot-blocked; Data availability: GitHub + Monash Bridges dataset (not downloaded, 1.1 GB)"
polymerisation-kinetics-robot#exp5,polymerisation-kinetics-robot,10.1039/d6sc02232d,,A robotic approach to polymerisation kinetics: a case study on copolymerisation parameter estimation,,2026,Amass BiomedCore search (2026-10-03),exp5,Comparison with 96-well plate format (aluminium tape sealed),Compare reactivity ratios and monomer loss between the sealed 48-vial reactor and a 96-well polypropylene plate.,Figure S10 | Figure S11 | Figure S12 | Figure S13 | Figure S14,mostly,paper2protocol identify,identified,,,,,,,True,cc by-nc,europepmc:PMC13103962,16,downloaded,https://pmc-oa-opendata.s3.amazonaws.com/PMC13103962.1/PMC13103962.1.pdf,88f209bf6e088c1fb59a89f12b39eddae261f118a615c0461d094cf9aafcdc39,1128258,11,cc by-nc,no,pdf/polymerisation-kinetics-robot.pdf,1 of 2 obtained: cloned | skipped_large,https://github.com/PRDMonash/A-Robotic-Approach-to-Polymerization-Kinetics-A-Case-Study-on-Copolymerization-Parameter-Estimation | https://doi.org/10.26180/32015067,6dd08f5e0c,none | CC BY 4.0,no,5,2.19 | 2.20,not tested,,"PDF paywall-free (CC BY-NC) but publisher/PMC endpoints are bot-blocked; Data availability: GitHub + Monash Bridges dataset (not downloaded, 1.1 GB)"
pipetting-robot-nanoliter#fluorescein_nanoliter_dispense_characterisation,pipetting-robot-nanoliter,10.1002/jssc.70379,,Modification of a Low-Cost Pipetting Robot for Nanoliter Liquid Handling and Autosampling for Liquid Chromatography-Mass Spectrometry,,2026,Amass BiomedCore search (2026-10-03),fluorescein_nanoliter_dispense_characterisation,"Nanoliter dispensing characterisation: 5-500 nL sodium fluorescein into borate buffer wells, fluorescence readout",,"Methods 2.4 ""Liquid Handling Characterization""; Results 3.4; Fig. 5",mostly,hand-read split (not yet run through identify),not_identified,,,,,,,True,cc by,europepmc:PMC13118588,18,downloaded,https://pmc-oa-opendata.s3.amazonaws.com/PMC13118588.1/PMC13118588.1.pdf,020f7fab17e334fbeed859d62d59e95193848be8b490a54615da1edca3fde2a4,1477684,18,cc by,yes,pdf/pipetting-robot-nanoliter.pdf,2 of 2 obtained: cloned,https://github.com/RTKlab-BYU/OpenLC | https://github.com/RTKlab-BYU/OpenSampler/tree/main,5bb4b87193 | 1fa04d2149,none | none,no,3,,not tested,,Data Availability Statement names OpenLC and OpenSampler GitHub repos (OpenSampler holds STL files only; no py)
pipetting-robot-nanoliter#hela_digest_lcms_autosampling,pipetting-robot-nanoliter,10.1002/jssc.70379,,Modification of a Low-Cost Pipetting Robot for Nanoliter Liquid Handling and Autosampling for Liquid Chromatography-Mass Spectrometry,,2026,Amass BiomedCore search (2026-10-03),hela_digest_lcms_autosampling,"OpenSampler autosampling of HeLa digest dilutions (384-well plate on tempdeck) into LC-MS, under/overfilled sample loop",,"Methods 2.5 ""Autosampling"", 2.6-2.7; Results 3.5; Fig. 6",mostly,hand-read split (not yet run through identify),not_identified,,,,,,,True,cc by,europepmc:PMC13118588,18,downloaded,https://pmc-oa-opendata.s3.amazonaws.com/PMC13118588.1/PMC13118588.1.pdf,020f7fab17e334fbeed859d62d59e95193848be8b490a54615da1edca3fde2a4,1477684,18,cc by,yes,pdf/pipetting-robot-nanoliter.pdf,2 of 2 obtained: cloned,https://github.com/RTKlab-BYU/OpenLC | https://github.com/RTKlab-BYU/OpenSampler/tree/main,5bb4b87193 | 1fa04d2149,none | none,no,3,,not tested,,Data Availability Statement names OpenLC and OpenSampler GitHub repos (OpenSampler holds STL files only; no py)
lap-transposon-genotyping#colony_picking_selective_media,lap-transposon-genotyping,10.1186/s44330-025-00054-3,,Automated workflow for genotyping individual transposon library variants,,2026,Amass BiomedCore search (2026-10-03),colony_picking_selective_media,Colony picking in selective media (step 1) and media dispensing/inoculation,,Materials and procedure step list; Fig. 1,partly,hand-read split (not yet run through identify),not_identified,,,,,,,True,cc by,europepmc:PMC7618916,8,downloaded,https://pmc-oa-opendata.s3.amazonaws.com/PMC7618916.1/PMC7618916.1.pdf,c3bbaa7f0e5b41fa18b9b358fd1037fedc6ab22457c7cd0af33f6972bfd0767e,1111694,19,cc by,yes,pdf/lap-transposon-genotyping.pdf,2 of 2 obtained: cloned,https://github.com/BiocomputationLab/LAPrepository | https://github.com/BiocomputationLab/tnatlas,f00729b83d | ef1938ccfe,none | MIT,no,18,2.14,not tested,,"repository named in paper | repositories named in paper: LAPrepository, tnatlas (GitHub); scripts also at laprepo.com; workflow also on protocols.io 10.17504/protocols.io.kqdg394jzg25/v2 (not ingested)"
lap-transposon-genotyping#counter_selection_glycerol_stocks,lap-transposon-genotyping,10.1186/s44330-025-00054-3,,Automated workflow for genotyping individual transposon library variants,,2026,Amass BiomedCore search (2026-10-03),counter_selection_glycerol_stocks,Counter-selection and glycerol stock pre-cultures on OT-2 (LAP scripts),,Materials and procedure steps 2-3; Fig. 1,mostly,hand-read split (not yet run through identify),not_identified,,,,,,,True,cc by,europepmc:PMC7618916,8,downloaded,https://pmc-oa-opendata.s3.amazonaws.com/PMC7618916.1/PMC7618916.1.pdf,c3bbaa7f0e5b41fa18b9b358fd1037fedc6ab22457c7cd0af33f6972bfd0767e,1111694,19,cc by,yes,pdf/lap-transposon-genotyping.pdf,2 of 2 obtained: cloned,https://github.com/BiocomputationLab/LAPrepository | https://github.com/BiocomputationLab/tnatlas,f00729b83d | ef1938ccfe,none | MIT,no,18,2.14,not tested,,"repository named in paper | repositories named in paper: LAPrepository, tnatlas (GitHub); scripts also at laprepo.com; workflow also on protocols.io 10.17504/protocols.io.kqdg394jzg25/v2 (not ingested)"
lap-transposon-genotyping#control_pcr_setup,lap-transposon-genotyping,10.1186/s44330-025-00054-3,,Automated workflow for genotyping individual transposon library variants,,2026,Amass BiomedCore search (2026-10-03),control_pcr_setup,"Control PCR sample preparation (Phire master mix, primer pairs PS3/PS4, PS5/PS6)",,Materials and procedure step 4; Fig. 2,mostly,hand-read split (not yet run through identify),not_identified,,,,,,,True,cc by,europepmc:PMC7618916,8,downloaded,https://pmc-oa-opendata.s3.amazonaws.com/PMC7618916.1/PMC7618916.1.pdf,c3bbaa7f0e5b41fa18b9b358fd1037fedc6ab22457c7cd0af33f6972bfd0767e,1111694,19,cc by,yes,pdf/lap-transposon-genotyping.pdf,2 of 2 obtained: cloned,https://github.com/BiocomputationLab/LAPrepository | https://github.com/BiocomputationLab/tnatlas,f00729b83d | ef1938ccfe,none | MIT,no,18,2.14,not tested,,"repository named in paper | repositories named in paper: LAPrepository, tnatlas (GitHub); scripts also at laprepo.com; workflow also on protocols.io 10.17504/protocols.io.kqdg394jzg25/v2 (not ingested)"
lap-transposon-genotyping#arbitrary_pcr1_pcr2_setup,lap-transposon-genotyping,10.1186/s44330-025-00054-3,,Automated workflow for genotyping individual transposon library variants,,2026,Amass BiomedCore search (2026-10-03),arbitrary_pcr1_pcr2_setup,"Arbitrary PCR 1 and 2 setup with thermocycler profile, then sequencing and annotation (tnatlas BLASTN)",,Materials and procedure step 5-6; Fig. 3,mostly,hand-read split (not yet run through identify),not_identified,,,,,,,True,cc by,europepmc:PMC7618916,8,downloaded,https://pmc-oa-opendata.s3.amazonaws.com/PMC7618916.1/PMC7618916.1.pdf,c3bbaa7f0e5b41fa18b9b358fd1037fedc6ab22457c7cd0af33f6972bfd0767e,1111694,19,cc by,yes,pdf/lap-transposon-genotyping.pdf,2 of 2 obtained: cloned,https://github.com/BiocomputationLab/LAPrepository | https://github.com/BiocomputationLab/tnatlas,f00729b83d | ef1938ccfe,none | MIT,no,18,2.14,not tested,,"repository named in paper | repositories named in paper: LAPrepository, tnatlas (GitHub); scripts also at laprepo.com; workflow also on protocols.io 10.17504/protocols.io.kqdg394jzg25/v2 (not ingested)"
opencell-automation#accs_cci_normalization_passaging,opencell-automation,10.1093/pnasnexus/pgaf385,,Open-source cell culture automation system with integrated cell counting for passaging microplate cultures,,2025,Amass BiomedCore search (2026-10-03),accs_cci_normalization_passaging,ACCS automated passaging of HEK293T in 96-well plates with CCI cell counting and density-normalised reseeding (cci_normalization),,"Results ""Operator workflow""; Methods ""ACCS automated passaging protocol""; Fig. 1, Fig. 3",mostly,hand-read split (not yet run through identify),not_identified,,,,,,,True,cc by,europepmc:PMC12750449,46,downloaded,https://www.biorxiv.org/content/10.1101/2024.12.27.629034v1.full.pdf,e1eaf3cc6002f5471ef52b8ca9160f54ba05d4d406befc5b320eed202d4a3892,5537852,12,cc by-nc-nd (bioRxiv preprint v1; published version is CC BY),no,pdf/opencell-automation.pdf,2 of 2 obtained: cloned,https://github.com/czbiohub-sf/2021-opencell-microscopy-automation | https://github.com/czbiohub-sf/2024-accs-pub,04887a795f | d3aeae8ba0,unclear | none,no,0,,not tested,,"PDF is the bioRxiv preprint, not the published version. Code: two GitHub repos named (2024-accs-pub has the ACCS code; 2021-opencell-microscopy-automation). opentrons_py_files=0 by the scanner even though ACCS wraps the Opentrons API; check manually"
opencell-automation#cci_counting_performance_dilution_series,opencell-automation,10.1093/pnasnexus/pgaf385,,Open-source cell culture automation system with integrated cell counting for passaging microplate cultures,,2025,Amass BiomedCore search (2026-10-03),cci_counting_performance_dilution_series,CCI counting characterisation: dilution series of HEK293T measured by CCI vs flow cytometry,,"Methods ""Procedure for CCI counting performance measurements""; Fig. 2A",partly,hand-read split (not yet run through identify),not_identified,,,,,,,True,cc by,europepmc:PMC12750449,46,downloaded,https://www.biorxiv.org/content/10.1101/2024.12.27.629034v1.full.pdf,e1eaf3cc6002f5471ef52b8ca9160f54ba05d4d406befc5b320eed202d4a3892,5537852,12,cc by-nc-nd (bioRxiv preprint v1; published version is CC BY),no,pdf/opencell-automation.pdf,2 of 2 obtained: cloned,https://github.com/czbiohub-sf/2021-opencell-microscopy-automation | https://github.com/czbiohub-sf/2024-accs-pub,04887a795f | d3aeae8ba0,unclear | none,no,0,,not tested,,"PDF is the bioRxiv preprint, not the published version. Code: two GitHub repos named (2024-accs-pub has the ACCS code; 2021-opencell-microscopy-automation). opentrons_py_files=0 by the scanner even though ACCS wraps the Opentrons API; check manually"
opencell-automation#challenge_plate_flow_cytometry_seeding_test,opencell-automation,10.1093/pnasnexus/pgaf385,,Open-source cell culture automation system with integrated cell counting for passaging microplate cultures,,2025,Amass BiomedCore search (2026-10-03),challenge_plate_flow_cytometry_seeding_test,"Seeding density control from spatially randomised Challenge Plate, output counted by flow cytometry (12.5k cells/well)",,"Methods ""Challenge plate"", ""Procedure for flow cytometry-based seeding accuracy tests""; Fig. 2B",mostly,hand-read split (not yet run through identify),not_identified,,,,,,,True,cc by,europepmc:PMC12750449,46,downloaded,https://www.biorxiv.org/content/10.1101/2024.12.27.629034v1.full.pdf,e1eaf3cc6002f5471ef52b8ca9160f54ba05d4d406befc5b320eed202d4a3892,5537852,12,cc by-nc-nd (bioRxiv preprint v1; published version is CC BY),no,pdf/opencell-automation.pdf,2 of 2 obtained: cloned,https://github.com/czbiohub-sf/2021-opencell-microscopy-automation | https://github.com/czbiohub-sf/2024-accs-pub,04887a795f | d3aeae8ba0,unclear | none,no,0,,not tested,,"PDF is the bioRxiv preprint, not the published version. Code: two GitHub repos named (2024-accs-pub has the ACCS code; 2021-opencell-microscopy-automation). opentrons_py_files=0 by the scanner even though ACCS wraps the Opentrons API; check manually"
opencell-automation#atp_assay_manual_vs_accs_seeding,opencell-automation,10.1093/pnasnexus/pgaf385,,Open-source cell culture automation system with integrated cell counting for passaging microplate cultures,,2025,Amass BiomedCore search (2026-10-03),atp_assay_manual_vs_accs_seeding,Comparative seeding accuracy ACCS vs human by ATP luminescence assay,,"Methods ""Procedure for comparative seeding accuracy tests by ATP assay""",mostly,hand-read split (not yet run through identify),not_identified,,,,,,,True,cc by,europepmc:PMC12750449,46,downloaded,https://www.biorxiv.org/content/10.1101/2024.12.27.629034v1.full.pdf,e1eaf3cc6002f5471ef52b8ca9160f54ba05d4d406befc5b320eed202d4a3892,5537852,12,cc by-nc-nd (bioRxiv preprint v1; published version is CC BY),no,pdf/opencell-automation.pdf,2 of 2 obtained: cloned,https://github.com/czbiohub-sf/2021-opencell-microscopy-automation | https://github.com/czbiohub-sf/2024-accs-pub,04887a795f | d3aeae8ba0,unclear | none,no,0,,not tested,,"PDF is the bioRxiv preprint, not the published version. Code: two GitHub repos named (2024-accs-pub has the ACCS code; 2021-opencell-microscopy-automation). opentrons_py_files=0 by the scanner even though ACCS wraps the Opentrons API; check manually"
opencell-automation#glass_bottom_imaging_plate_seeding,opencell-automation,10.1093/pnasnexus/pgaf385,,Open-source cell culture automation system with integrated cell counting for passaging microplate cultures,,2025,Amass BiomedCore search (2026-10-03),glass_bottom_imaging_plate_seeding,Seeding fibronectin-coated glass-bottom plates for OpenCell imaging pipeline,,"Results ""Outcomes in a practical scenario""; Methods ""Live cell imaging preparation""",partly,hand-read split (not yet run through identify),not_identified,,,,,,,True,cc by,europepmc:PMC12750449,46,downloaded,https://www.biorxiv.org/content/10.1101/2024.12.27.629034v1.full.pdf,e1eaf3cc6002f5471ef52b8ca9160f54ba05d4d406befc5b320eed202d4a3892,5537852,12,cc by-nc-nd (bioRxiv preprint v1; published version is CC BY),no,pdf/opencell-automation.pdf,2 of 2 obtained: cloned,https://github.com/czbiohub-sf/2021-opencell-microscopy-automation | https://github.com/czbiohub-sf/2024-accs-pub,04887a795f | d3aeae8ba0,unclear | none,no,0,,not tested,,"PDF is the bioRxiv preprint, not the published version. Code: two GitHub repos named (2024-accs-pub has the ACCS code; 2021-opencell-microscopy-automation). opentrons_py_files=0 by the scanner even though ACCS wraps the Opentrons API; check manually"
pipetting-speed-ot2#pipetting_speed_yeast_spot_growth_assay,pipetting-speed-ot2,10.17912/micropub.biology.001566,,Investigating the effects of liquid handling robot pipetting speed on yeast growth and gene expression using growth assays and RNA-seq,,2025,Amass BiomedCore search (2026-10-03),pipetting_speed_yeast_spot_growth_assay,"Yeast liquid culture pipetted at 50/130/210/290 uL/s, normalised by A620 via PlateShuttle, diluted and spotted on YPD agar; time-lapse colony growth",,"Methods ""Execution of experiments with OT-2"", run_first_half.py / run_second_half.py; Fig. 1A-C",mostly,hand-read split (not yet run through identify),not_identified,,,,,,,True,cc by,europepmc:PMC12117386,8,downloaded,https://www.micropublication.org/static/pdf/micropub-biology-001566.pdf,0e2c6eb3055ad218e47d4971f94d9a6c4904daead1b725f431c193e88a961caa,5592449,9,cc by,yes,pdf/pipetting-speed-ot2.pdf,2 of 2 obtained: cloned,https://github.com/bioinfo-tsukuba/PlateShuttle | https://github.com/bioinfo-tsukuba/OT2_pipspd_paper,525efe7f6e | 820ccb5b06,MIT | none,no,9,2.13,not tested,,"names the study | Code repos: OT2_pipspd_paper (analysis + OT-2 protocols, no licence) and PlateShuttle (MIT, hardware/firmware). Extra dataset DOI 10.22002/82xv5-wk067 (Caltech, supplementary table only, not downloaded)"
pipetting-speed-ot2#pipetting_speed_rnaseq_sampling,pipetting-speed-ot2,10.17912/micropub.biology.001566,,Investigating the effects of liquid handling robot pipetting speed on yeast growth and gene expression using growth assays and RNA-seq,,2025,Amass BiomedCore search (2026-10-03),pipetting_speed_rnaseq_sampling,Same pipetting-speed conditions with samples collected for RNA-seq (24 samples),,Description paragraph on RNA-seq; Fig. 1D-G,partly,hand-read split (not yet run through identify),not_identified,,,,,,,True,cc by,europepmc:PMC12117386,8,downloaded,https://www.micropublication.org/static/pdf/micropub-biology-001566.pdf,0e2c6eb3055ad218e47d4971f94d9a6c4904daead1b725f431c193e88a961caa,5592449,9,cc by,yes,pdf/pipetting-speed-ot2.pdf,2 of 2 obtained: cloned,https://github.com/bioinfo-tsukuba/PlateShuttle | https://github.com/bioinfo-tsukuba/OT2_pipspd_paper,525efe7f6e | 820ccb5b06,MIT | none,no,9,2.13,not tested,,"names the study | Code repos: OT2_pipspd_paper (analysis + OT-2 protocols, no licence) and PlateShuttle (MIT, hardware/firmware). Extra dataset DOI 10.22002/82xv5-wk067 (Caltech, supplementary table only, not downloaded)"
pipette-tool-change#alginate_ion_concentration_bead_imaging,pipette-tool-change,10.1016/j.ohx.2025.e00653,,Leveraging flexible pipette-based tool changes to transform liquid handling systems into dual-function sample preparation and imaging platforms,,2025,Amass BiomedCore search (2026-10-03),alginate_ion_concentration_bead_imaging,"High-throughput alginate (0.5-2.0%) x CaCl2 (0.1-10%) bead formation in 96-well plate, imaged in situ by camera tool on OT-2",,Validation 8.1; Figs 4-5; Hydrogel_Screening_Testing_Using_Pick-and-Place_Apparatus.py,mostly,hand-read split (not yet run through identify),not_identified,,,,,,,True,cc by,europepmc:PMC12181777,37,downloaded,https://pmc-oa-opendata.s3.amazonaws.com/PMC12181777.1/PMC12181777.1.pdf,902f3987a19511689f0f6b17943a0bb2d8b1c9f6c08c32733dc4c863c3f27dcf,6389052,14,cc by,yes,pdf/pipette-tool-change.pdf,1 of 1 obtained: downloaded,https://doi.org/10.17632/xc5488grcv.3,version 3,CC BY 4.0,yes,2,2.13,not tested,,Hardware paper (HardwareX). Code in Mendeley Data xc5488grcv v3 (no GitHub named in paper); PDF only via bot-blocked sources
pipette-tool-change#alginate_hydrogel_edta_disintegration,pipette-tool-change,10.1016/j.ohx.2025.e00653,,Leveraging flexible pipette-based tool changes to transform liquid handling systems into dual-function sample preparation and imaging platforms,,2025,Amass BiomedCore search (2026-10-03),alginate_hydrogel_edta_disintegration,Time-lapse imaging of 1.5% alginate / 1.0% Ca hydrogel disintegration after 200 mM EDTA addition,,Validation 8.2; Fig. 6,mostly,hand-read split (not yet run through identify),not_identified,,,,,,,True,cc by,europepmc:PMC12181777,37,downloaded,https://pmc-oa-opendata.s3.amazonaws.com/PMC12181777.1/PMC12181777.1.pdf,902f3987a19511689f0f6b17943a0bb2d8b1c9f6c08c32733dc4c863c3f27dcf,6389052,14,cc by,yes,pdf/pipette-tool-change.pdf,1 of 1 obtained: downloaded,https://doi.org/10.17632/xc5488grcv.3,version 3,CC BY 4.0,yes,2,2.13,not tested,,Hardware paper (HardwareX). Code in Mendeley Data xc5488grcv v3 (no GitHub named in paper); PDF only via bot-blocked sources
ot-mation#csv_to_ot2_script_combinatorial_assembly,ot-mation,10.1093/synbio/ysaf009,,OT-Mation: an open-source code for parsing CSV files into Python scripts for control of OT-2 liquid-handling robotics,,2025,Amass BiomedCore search (2026-10-03),csv_to_ot2_script_combinatorial_assembly,"OT-Mation: four CSV files (experimental parameters, labware, stocks, pipettes) parsed into an OT-2 script assembling combinatorial/DoE sample arrays",,"Results 3.2-3.3, Figs 1-2; no wet-lab validation experiment",mostly,hand-read split (not yet run through identify),not_identified,,,,,,,True,cc by,europepmc:PMC12063526,17,downloaded,https://www.biorxiv.org/content/10.1101/2025.01.20.633898v1.full.pdf,7f46b8137a899f79b3f54f796a54a79af6c888f41ce41aec64b6fa3d2ed9e993,947519,10,"cc by (bioRxiv preprint v1, per bioRxiv API; published version also CC BY)",yes,pdf/ot-mation.pdf,1 of 1 obtained: cloned,https://github.com/tphoward/OT-Mation_Repo,e68db29f5f,Apache-2.0,yes,2,2.10,not tested,,"cites bioRxiv 10.1101/2025.01.20.633898 | PDF is bioRxiv preprint v1 (CC BY). Paper is a software tool; no wet-lab experiment, one workflow: CSV to OT-2 script generation"
protein-crystallization-ot2#script1_food_dye_gradient_sitting_drop,protein-crystallization-ot2,10.1016/j.slast.2025.100268,,Automation of protein crystallization scaleup via Opentrons-2 liquid handling,,2025,Amass BiomedCore search (2026-10-03),script1_food_dye_gradient_sitting_drop,Mock CrysChem 24-well sitting-drop plate with blue/red food-dye gradient (0-150 uL),,"Methods ""Script 1""; Results Script 1; Figs 3-4",mostly,hand-read split (not yet run through identify),not_identified,,,,,,,True,cc by,europepmc:PMC12229254,15,downloaded,https://pmc-oa-opendata.s3.amazonaws.com/PMC12229254.1/PMC12229254.1.pdf,c58e2fc7a587d6d0c948a3660937a0e51f7b3cdc8e97a20c73f3272e013e9600,1161635,17,cc by,yes,pdf/protein-crystallization-ot2.pdf,1 of 1 obtained: cloned,https://github.com/jbderoo/Opentrons2-Protein-Crystallization,8fd25de2f7,none,no,3,2.11,not tested,,"mock-up demo scripts | Code on GitHub jbderoo/Opentrons2-Protein-Crystallization (no licence), three example scripts; Supplementary figures not fetched"
protein-crystallization-ot2#script2_hewl_24well_crystallization,protein-crystallization-ot2,10.1016/j.slast.2025.100268,,Automation of protein crystallization scaleup via Opentrons-2 liquid handling,,2025,Amass BiomedCore search (2026-10-03),script2_hewl_24well_crystallization,"Hen egg white lysozyme 24-well sitting-drop crystallization, OT-2 vs human",,"Methods ""Script 2""; Figs 5-6",mostly,hand-read split (not yet run through identify),not_identified,,,,,,,True,cc by,europepmc:PMC12229254,15,downloaded,https://pmc-oa-opendata.s3.amazonaws.com/PMC12229254.1/PMC12229254.1.pdf,c58e2fc7a587d6d0c948a3660937a0e51f7b3cdc8e97a20c73f3272e013e9600,1161635,17,cc by,yes,pdf/protein-crystallization-ot2.pdf,1 of 1 obtained: cloned,https://github.com/jbderoo/Opentrons2-Protein-Crystallization,8fd25de2f7,none,no,3,2.11,not tested,,"mock-up demo scripts | Code on GitHub jbderoo/Opentrons2-Protein-Crystallization (no licence), three example scripts; Supplementary figures not fetched"
protein-crystallization-ot2#script3_cj_protein_crystallization,protein-crystallization-ot2,10.1016/j.slast.2025.100268,,Automation of protein crystallization scaleup via Opentrons-2 liquid handling,,2025,Amass BiomedCore search (2026-10-03),script3_cj_protein_crystallization,CJ (CJ0420 variant) protein 24-well sitting-drop crystallization,,"Methods ""Script 3""; Fig. 7",mostly,hand-read split (not yet run through identify),not_identified,,,,,,,True,cc by,europepmc:PMC12229254,15,downloaded,https://pmc-oa-opendata.s3.amazonaws.com/PMC12229254.1/PMC12229254.1.pdf,c58e2fc7a587d6d0c948a3660937a0e51f7b3cdc8e97a20c73f3272e013e9600,1161635,17,cc by,yes,pdf/protein-crystallization-ot2.pdf,1 of 1 obtained: cloned,https://github.com/jbderoo/Opentrons2-Protein-Crystallization,8fd25de2f7,none,no,3,2.11,not tested,,"mock-up demo scripts | Code on GitHub jbderoo/Opentrons2-Protein-Crystallization (no licence), three example scripts; Supplementary figures not fetched"
actinomation#heat-shock,actinomation,10.1016/j.synbio.2025.03.005,,ActinoMation: A literate programming approach for medium-throughput robotic conjugation of Streptomyces spp,,2025,Amass BiomedCore search (2026-10-03),heat-shock,"Automated heat shock transformation of chemically competent E. coli (OT-2, Jupyter-generated protocol)",,"s3.1.1, s3.2.1, s3.3.1; Fig. 2-3",mostly,hand-read split (not yet run through identify),not_identified,,,,,,,True,cc by,europepmc:PMC11999424,28,downloaded,https://pmc-oa-opendata.s3.amazonaws.com/PMC11999424.1/PMC11999424.1.pdf,4122f0d8fd633c45899bb5ff506d6dd9b1513b76209b492c7bdb433f2fdea979,5305155,10,cc by,yes,pdf/actinomation.pdf,1 of 1 obtained: cloned,https://github.com/TennaAlexiadisMoeller/ActinoMation,da24c419c9,MIT,yes,5,2.4,not tested,,"no paper cited | no paper cited Code: only the ActinoMation GitHub repo is named (MIT). sources.json URL github.com/Kedar was a truncated string, not a repo. Supplementary: mmc1.pdf, mmc2.csv (no code)."
actinomation#conjugation,actinomation,10.1016/j.synbio.2025.03.005,,ActinoMation: A literate programming approach for medium-throughput robotic conjugation of Streptomyces spp,,2025,Amass BiomedCore search (2026-10-03),conjugation,"Automated conjugation of Streptomyces spp. with E. coli ET12567 donors (plate-based, medium throughput)",,"s2.3, s3.1.2, s3.3.2; Fig. 5-6",mostly,hand-read split (not yet run through identify),not_identified,,,,,,,True,cc by,europepmc:PMC11999424,28,downloaded,https://pmc-oa-opendata.s3.amazonaws.com/PMC11999424.1/PMC11999424.1.pdf,4122f0d8fd633c45899bb5ff506d6dd9b1513b76209b492c7bdb433f2fdea979,5305155,10,cc by,yes,pdf/actinomation.pdf,1 of 1 obtained: cloned,https://github.com/TennaAlexiadisMoeller/ActinoMation,da24c419c9,MIT,yes,5,2.4,not tested,,"no paper cited | no paper cited Code: only the ActinoMation GitHub repo is named (MIT). sources.json URL github.com/Kedar was a truncated string, not a repo. Supplementary: mmc1.pdf, mmc2.csv (no code)."
actinomation#colony-pcr,actinomation,10.1016/j.synbio.2025.03.005,,ActinoMation: A literate programming approach for medium-throughput robotic conjugation of Streptomyces spp,,2025,Amass BiomedCore search (2026-10-03),colony-pcr,Colony PCR setup to verify transformants/exconjugants,,s2.4 (methods; PCR setup largely manual),partly,hand-read split (not yet run through identify),not_identified,,,,,,,True,cc by,europepmc:PMC11999424,28,downloaded,https://pmc-oa-opendata.s3.amazonaws.com/PMC11999424.1/PMC11999424.1.pdf,4122f0d8fd633c45899bb5ff506d6dd9b1513b76209b492c7bdb433f2fdea979,5305155,10,cc by,yes,pdf/actinomation.pdf,1 of 1 obtained: cloned,https://github.com/TennaAlexiadisMoeller/ActinoMation,da24c419c9,MIT,yes,5,2.4,not tested,,"no paper cited | no paper cited Code: only the ActinoMation GitHub repo is named (MIT). sources.json URL github.com/Kedar was a truncated string, not a repo. Supplementary: mmc1.pdf, mmc2.csv (no code)."
proteomics-digestion-workflow#digestion-evotip,proteomics-digestion-workflow,10.1016/j.mcpro.2024.100790,,Fully Automated Workflow for Integrated Sample Digestion and Evotip Loading Enabling High-Throughput Clinical Proteomics,,2024,Amass BiomedCore search (2026-10-03),digestion-evotip,"OT-2 automated PAC magnetic-bead protein digestion, cleanup and Evotip loading (HeLa lysate optimisation, up to 192 samples)",,Experimental Procedures 1.1-1.2; Results 2.1-2.3; Fig. 1-3,mostly,hand-read split (not yet run through identify),not_identified,,,,,,,True,cc by,europepmc:PMC11251069,19,downloaded,https://pmc-oa-opendata.s3.amazonaws.com/PMC11251069.1/PMC11251069.1.pdf,259242f7c8417df6fd6834c27da91afde0159f19288d8500738684786670ba12,2813420,12,cc by,yes,pdf/proteomics-digestion-workflow.pdf,none known,,,,,,,,," Code: paper says run script is in Supplementary Material and Evosep OT-2 protocols at evosep.com/support/automation-opentrons-ot2 (not a repository, not downloaded); the EuropePMC supplement zip holds only figures + mmc1.xlsx (no script). Data on PRIDE PXD048325."
proteomics-digestion-workflow#plasma,proteomics-digestion-workflow,10.1016/j.mcpro.2024.100790,,Fully Automated Workflow for Integrated Sample Digestion and Evotip Loading Enabling High-Throughput Clinical Proteomics,,2024,Amass BiomedCore search (2026-10-03),plasma,Automated plasma proteome sample preparation (optimisation and 48-patient melanoma immunotherapy cohort),,Results 2.4-2.5; Fig. 4-5,mostly,hand-read split (not yet run through identify),not_identified,,,,,,,True,cc by,europepmc:PMC11251069,19,downloaded,https://pmc-oa-opendata.s3.amazonaws.com/PMC11251069.1/PMC11251069.1.pdf,259242f7c8417df6fd6834c27da91afde0159f19288d8500738684786670ba12,2813420,12,cc by,yes,pdf/proteomics-digestion-workflow.pdf,none known,,,,,,,,," Code: paper says run script is in Supplementary Material and Evosep OT-2 protocols at evosep.com/support/automation-opentrons-ot2 (not a repository, not downloaded); the EuropePMC supplement zip holds only figures + mmc1.xlsx (no script). Data on PRIDE PXD048325."
proteomics-digestion-workflow#phospho,proteomics-digestion-workflow,10.1016/j.mcpro.2024.100790,,Fully Automated Workflow for Integrated Sample Digestion and Evotip Loading Enabling High-Throughput Clinical Proteomics,,2024,Amass BiomedCore search (2026-10-03),phospho,Modified OT-2 protocol for phosphopeptide enrichment (phosphoproteomics),,Results 2.6; Fig. 6,mostly,hand-read split (not yet run through identify),not_identified,,,,,,,True,cc by,europepmc:PMC11251069,19,downloaded,https://pmc-oa-opendata.s3.amazonaws.com/PMC11251069.1/PMC11251069.1.pdf,259242f7c8417df6fd6834c27da91afde0159f19288d8500738684786670ba12,2813420,12,cc by,yes,pdf/proteomics-digestion-workflow.pdf,none known,,,,,,,,," Code: paper says run script is in Supplementary Material and Evosep OT-2 protocols at evosep.com/support/automation-opentrons-ot2 (not a repository, not downloaded); the EuropePMC supplement zip holds only figures + mmc1.xlsx (no script). Data on PRIDE PXD048325."
infectious-disease-diagnostic-workflow#rpa,infectious-disease-diagnostic-workflow,10.3390/mi15060708,,An Automated Versatile Diagnostic Workflow for Infectious Disease Detection in Low-Resource Settings,,2024,Amass BiomedCore search (2026-10-03),rpa,Automated RPA amplification of N. meningitidis ctrA (146 bp) on OT-One-S Hood with miniPCR mini8 thermal cycler,,"s2.2, s2.6-2.7, s3.1; Fig. 3-4A",mostly,hand-read split (not yet run through identify),not_identified,,,,,,,True,cc by,europepmc:PMC11205418,17,downloaded,https://pmc-oa-opendata.s3.amazonaws.com/PMC11205418.1/PMC11205418.1.pdf,a36808d9e433cd3a1d94a5b1abada3ee72024cfc3dc1aa82020a9a664c5e03fd,2180549,14,cc by,yes,pdf/infectious-disease-diagnostic-workflow.pdf,none known,,,,,,,,," Code: Data Availability states original contributions are in the article, enquiries to corresponding author; no repository named. Scripts built with a SciLifeLab Nanobiotechnology in-house script generator (ref 20), not linked."
infectious-disease-diagnostic-workflow#vfm,infectious-disease-diagnostic-workflow,10.3390/mi15060708,,An Automated Versatile Diagnostic Workflow for Infectious Disease Detection in Low-Resource Settings,,2024,Amass BiomedCore search (2026-10-03),vfm,"Automated enzymatic digestion, ssDNA generation and paper-array VFM hybridisation/signal enhancement detection",,"s2.3-2.5, s2.7, s3.2; Fig. 4B",mostly,hand-read split (not yet run through identify),not_identified,,,,,,,True,cc by,europepmc:PMC11205418,17,downloaded,https://pmc-oa-opendata.s3.amazonaws.com/PMC11205418.1/PMC11205418.1.pdf,a36808d9e433cd3a1d94a5b1abada3ee72024cfc3dc1aa82020a9a664c5e03fd,2180549,14,cc by,yes,pdf/infectious-disease-diagnostic-workflow.pdf,none known,,,,,,,,," Code: Data Availability states original contributions are in the article, enquiries to corresponding author; no repository named. Scripts built with a SciLifeLab Nanobiotechnology in-house script generator (ref 20), not linked."
maldi-surface-throughput#spotting,maldi-surface-throughput,10.1021/jasms.3c00062,,Customized Surface Design to Increase Throughput of Ambient Ionization Mass Spectrometry Lipidomics,,2023,Amass BiomedCore search (2026-10-03),spotting,OT-2 automated 2 uL spotting of extracted serum/standards onto imprinted PARAFILM and porous PTFE plates for DESI-MS (~16 min/plate),,Methods 2.5; Results 3.2-3.3; Fig. 3-4,mostly,hand-read split (not yet run through identify),not_identified,,,,,,,False,,,,paywalled_or_not_found,,,,,"author manuscript (NIHMS2121765), PMC TDM licence; no PDF on the PMC open-data bucket",no,,none known,,,,,,,,," Text read from PMC open-data .txt (TDM). ACS PDF 403 (paywalled). Code: Supporting Info contains Opentrons_codeJSON and custom labware (.ZIP/.JSON), STL files; not obtainable (not OA supplement); no repository named."
maldi-surface-throughput#extraction,maldi-surface-throughput,10.1021/jasms.3c00062,,Customized Surface Design to Increase Throughput of Ambient Ionization Mass Spectrometry Lipidomics,,2023,Amass BiomedCore search (2026-10-03),extraction,Biphasic (Bligh-Dyer) horse serum lipid/metabolite extraction and internal-standard spiking,,Methods 2.4; mostly manual,little,hand-read split (not yet run through identify),not_identified,,,,,,,False,,,,paywalled_or_not_found,,,,,"author manuscript (NIHMS2121765), PMC TDM licence; no PDF on the PMC open-data bucket",no,,none known,,,,,,,,," Text read from PMC open-data .txt (TDM). ACS PDF 403 (paywalled). Code: Supporting Info contains Opentrons_codeJSON and custom labware (.ZIP/.JSON), STL files; not obtainable (not OA supplement); no repository named."
ht-mic#antibiotic-plates,ht-mic,10.3389/fmicb.2023.1079033,,Development of a high-throughput minimum inhibitory concentration (HT-MIC) testing workflow,,2023,Amass BiomedCore search (2026-10-03),antibiotic-plates,OT-2 serial-dilution preparation of antibiotic stock plates (Antiboitics.json),,Methods 3.1; Fig. 1B,mostly,hand-read split (not yet run through identify),not_identified,,,,,,,True,cc by,europepmc:PMC10249070,16,downloaded,https://pmc-oa-opendata.s3.amazonaws.com/PMC10249070.1/PMC10249070.1.pdf,d56c54fd2274a1713ead835ed0813fbfb5002eafd24f029f733677c1dda950ab,2263496,9,cc by,yes,pdf/ht-mic.pdf,1 of 1 obtained: cloned,https://github.com/suman921/HT-MIC,ea66fd5640,none,no,0,,not tested,,"no README, no .py | no README, no .py"
ht-mic#mic-inoculation,ht-mic,10.3389/fmicb.2023.1079033,,Development of a high-throughput minimum inhibitory concentration (HT-MIC) testing workflow,,2023,Amass BiomedCore search (2026-10-03),mic-inoculation,OT-2 transfer of 30 uL antibiotics and bacterial culture into 96-well plates for MIC testing (MIC test.json),,Methods 3.1-3.2; Fig. 1C,mostly,hand-read split (not yet run through identify),not_identified,,,,,,,True,cc by,europepmc:PMC10249070,16,downloaded,https://pmc-oa-opendata.s3.amazonaws.com/PMC10249070.1/PMC10249070.1.pdf,d56c54fd2274a1713ead835ed0813fbfb5002eafd24f029f733677c1dda950ab,2263496,9,cc by,yes,pdf/ht-mic.pdf,1 of 1 obtained: cloned,https://github.com/suman921/HT-MIC,ea66fd5640,none,no,0,,not tested,,"no README, no .py | no README, no .py"
assemblytron#exp1,assemblytron,10.1093/synbio/ysac032,,AssemblyTron: flexible automation of DNA assembly with Opentrons OT-2 lab robots,,2023,Amass BiomedCore search (2026-10-03),exp1,Gradient PCR amplification of five fragments with AssemblyTron-calculated annealing gradient,Verify that AssemblyTron's optimal annealing gradient algorithm and automated PCR setup amplify fragments of varying length and annealing temperature in a single gradient thermocycler run.,Figure 2A | Figure 2B,mostly,paper2protocol identify,identified,,,,,,,True,cc by,europepmc:PMC9832943,18,downloaded,https://pmc-oa-opendata.s3.amazonaws.com/PMC9832943.1/PMC9832943.1.pdf,697c89c57707e93f48642990baef119ab28aeb8ff284de8460352f2cd3fc4284,2691950,9,cc by,yes,pdf/assemblytron.pdf,2 of 2 obtained: cloned | downloaded,https://github.com/PlantSynBioLab/AssemblyTron | https://doi.org/10.5281/zenodo.7250273,745f0c0504,Apache-2.0 | Apache-2.0,yes,203,2.0 | 2.10 | 2.2 | 2.6 | 2.9,not tested,,cites paper | PDF via PMC Open Access S3 bucket (Europe PMC/OUP 403).
assemblytron#exp2,assemblytron,10.1093/synbio/ysac032,,AssemblyTron: flexible automation of DNA assembly with Opentrons OT-2 lab robots,,2023,Amass BiomedCore search (2026-10-03),exp2,Golden Gate assembly of four four-fragment chromoprotein expression plasmids,"Test automated PCR, DpnI digestion, fragment pooling and Golden Gate assembly on the OT-2, then assess transformation efficiency and accuracy via chromoprotein expression.",Figure 3A | Figure 3B | Figure 3C | Figure 3D,mostly,paper2protocol identify,converted,proceed_with_assumptions,minor_issues,33,0,golden-gate-assembly,derived,True,cc by,europepmc:PMC9832943,18,downloaded,https://pmc-oa-opendata.s3.amazonaws.com/PMC9832943.1/PMC9832943.1.pdf,697c89c57707e93f48642990baef119ab28aeb8ff284de8460352f2cd3fc4284,2691950,9,cc by,yes,pdf/assemblytron.pdf,2 of 2 obtained: cloned | downloaded,https://github.com/PlantSynBioLab/AssemblyTron | https://doi.org/10.5281/zenodo.7250273,745f0c0504,Apache-2.0 | Apache-2.0,yes,203,2.0 | 2.10 | 2.2 | 2.6 | 2.9,not tested,,cites paper | PDF via PMC Open Access S3 bucket (Europe PMC/OUP 403).
assemblytron#exp3,assemblytron,10.1093/synbio/ysac032,,AssemblyTron: flexible automation of DNA assembly with Opentrons OT-2 lab robots,,2023,Amass BiomedCore search (2026-10-03),exp3,One-pot IVA site-directed mutagenesis,"Assess whether one-pot homology-dependent in vivo assembly performed with AssemblyTron achieves site-directed mutagenesis, by gel electrophoresis, transformation efficiency, and Sanger sequencing of colonies.",Figure 4A | Figure 4B,mostly,paper2protocol identify,identified,,,,,,,True,cc by,europepmc:PMC9832943,18,downloaded,https://pmc-oa-opendata.s3.amazonaws.com/PMC9832943.1/PMC9832943.1.pdf,697c89c57707e93f48642990baef119ab28aeb8ff284de8460352f2cd3fc4284,2691950,9,cc by,yes,pdf/assemblytron.pdf,2 of 2 obtained: cloned | downloaded,https://github.com/PlantSynBioLab/AssemblyTron | https://doi.org/10.5281/zenodo.7250273,745f0c0504,Apache-2.0 | Apache-2.0,yes,203,2.0 | 2.10 | 2.2 | 2.6 | 2.9,not tested,,cites paper | PDF via PMC Open Access S3 bucket (Europe PMC/OUP 403).
assemblytron#exp4,assemblytron,10.1093/synbio/ysac032,,AssemblyTron: flexible automation of DNA assembly with Opentrons OT-2 lab robots,,2023,Amass BiomedCore search (2026-10-03),exp4,AQUA-style homology-dependent assembly of chromoprotein plasmids from separate PCRs,Test automated separate-PCR homology-dependent assembly of four chromoprotein plasmids and quantify transformation efficiency and the fraction of correctly colored colonies.,Figure 5A | Figure 5B | Figure 5C,mostly,paper2protocol identify,identified,,,,,,,True,cc by,europepmc:PMC9832943,18,downloaded,https://pmc-oa-opendata.s3.amazonaws.com/PMC9832943.1/PMC9832943.1.pdf,697c89c57707e93f48642990baef119ab28aeb8ff284de8460352f2cd3fc4284,2691950,9,cc by,yes,pdf/assemblytron.pdf,2 of 2 obtained: cloned | downloaded,https://github.com/PlantSynBioLab/AssemblyTron | https://doi.org/10.5281/zenodo.7250273,745f0c0504,Apache-2.0 | Apache-2.0,yes,203,2.0 | 2.10 | 2.2 | 2.6 | 2.9,not tested,,cites paper | PDF via PMC Open Access S3 bucket (Europe PMC/OUP 403).
covid-diagnostic-capacity-2022#ot2-station-a,covid-diagnostic-capacity-2022,10.1016/j.eimce.2022.05.001,,Optimization and adaptation of the diagnostic capacity for the performance of large volumes of SARS-CoV-2 RT-PCR,,2022,Amass BiomedCore search (2026-10-03),ot2-station-a,OT-2 station A: lysis mix dispensing and extraction/reaction reagent dispensing,,Results 3.2; Fig. 1B,mostly,hand-read split (not yet run through identify),not_identified,,,,,,,True,Elsevier COVID-19 resource-centre permission (not a CC licence),europepmc:PMC9127703,9,downloaded,https://pmc-oa-opendata.s3.amazonaws.com/PMC9127703.1/PMC9127703.1.pdf,314786e01f8b280d79d5ec73d06c86b345353c71b3bffa82e846898e05c0cf36,631508,5,Elsevier COVID-19 resource-centre permission (not a CC licence),unknown,pdf/covid-diagnostic-capacity-2022.pdf,none known,,,,,,,,," Code: none stated; paper cites only opentrons.com. Elsevier PMC COVID-19 licence permits research re-use, not CC-BY, so redistributable left unknown."
covid-diagnostic-capacity-2022#ot2-station-b,covid-diagnostic-capacity-2022,10.1016/j.eimce.2022.05.001,,Optimization and adaptation of the diagnostic capacity for the performance of large volumes of SARS-CoV-2 RT-PCR,,2022,Amass BiomedCore search (2026-10-03),ot2-station-b,OT-2 station B: RNA extraction and 96-well RT-PCR plate preparation,,Results 3.2; Fig. 1B,mostly,hand-read split (not yet run through identify),not_identified,,,,,,,True,Elsevier COVID-19 resource-centre permission (not a CC licence),europepmc:PMC9127703,9,downloaded,https://pmc-oa-opendata.s3.amazonaws.com/PMC9127703.1/PMC9127703.1.pdf,314786e01f8b280d79d5ec73d06c86b345353c71b3bffa82e846898e05c0cf36,631508,5,Elsevier COVID-19 resource-centre permission (not a CC licence),unknown,pdf/covid-diagnostic-capacity-2022.pdf,none known,,,,,,,,," Code: none stated; paper cites only opentrons.com. Elsevier PMC COVID-19 licence permits research re-use, not CC-BY, so redistributable left unknown."
sidekick#gravimetric,sidekick,10.1016/j.ohx.2022.e00319,,Sidekick: A Low-Cost Open-Source 3D-printed liquid dispensing robot,,2022,Amass BiomedCore search (2026-10-03),gravimetric,"Gravimetric accuracy/precision of Sidekick pumps (10 uL x20, 100 uL x11) and multi-channel dispensing into 96-well plate",,"Validation and characterization; Fig. 6, Table 1",little,hand-read split (not yet run through identify),not_identified,,,,,,,True,cc by,europepmc:PMC9168727,10,downloaded,https://pmc-oa-opendata.s3.amazonaws.com/PMC9168727.1/PMC9168727.1.pdf,834f6ed11ae2582e3ccfc1d629735e62b70d232feec04133d0ba8d84e0b7b645,17482814,46,cc by,yes,pdf/sidekick.pdf,1 of 1 obtained: cloned,https://github.com/rodolfokeesey/Liquid-Handler,f799c0fc02,CERN-OHL-S-2.0,no,0,,not tested,," Sidekick is a standalone 3D-printed dispenser, not an OT-2; little Opentrons relevance."
personal-pipetting-robots#media-exchange-multiwell,personal-pipetting-robots,10.1038/s41467-022-30643-7,,Open-source personal pipetting robots with live-cell incubation and microscopy compatibility,,2022,Amass BiomedCore search (2026-10-03),media-exchange-multiwell,"PHIL automated media exchange in multi-well plates (dynamic media exchange, pump calibration)",,"Results 2.3; Methods 4.7, 4.8",mostly,hand-read split (not yet run through identify),not_identified,,,,,,,True,cc by,europepmc:PMC9151679,52,downloaded,https://www.nature.com/articles/s41467-022-30643-7.pdf,0defac99f2bbc0bf3dab70392db62da325ec541aa63ee8ee44901137e9ccdb14,2270305,12,cc by,yes,pdf/personal-pipetting-robots.pdf,1 of 2 obtained: blocked: Zenodo returned 403 (bot protection) to curl; not downloaded | cloned,https://github.com/CSDGroup/PHIL | https://doi.org/10.5281/zenodo.6402030,e3070fb2b2,MIT,no,0,,not tested,, Paper Code availability names GitHub CSDGroup/PHIL + Zenodo 10.5281/zenodo.6402030; GitHub repo is MATLAB/Arduino (0 .py).
personal-pipetting-robots#reusable-pipet-contamination,personal-pipetting-robots,10.1038/s41467-022-30643-7,,Open-source personal pipetting robots with live-cell incubation and microscopy compatibility,,2022,Amass BiomedCore search (2026-10-03),reusable-pipet-contamination,"Contamination-free pipetting with reusable pipets (surface treatment, cleaning)",,"Results 2.4; Methods 4.5, 4.6",mostly,hand-read split (not yet run through identify),not_identified,,,,,,,True,cc by,europepmc:PMC9151679,52,downloaded,https://www.nature.com/articles/s41467-022-30643-7.pdf,0defac99f2bbc0bf3dab70392db62da325ec541aa63ee8ee44901137e9ccdb14,2270305,12,cc by,yes,pdf/personal-pipetting-robots.pdf,1 of 2 obtained: blocked: Zenodo returned 403 (bot protection) to curl; not downloaded | cloned,https://github.com/CSDGroup/PHIL | https://doi.org/10.5281/zenodo.6402030,e3070fb2b2,MIT,no,0,,not tested,, Paper Code availability names GitHub CSDGroup/PHIL + Zenodo 10.5281/zenodo.6402030; GitHub repo is MATLAB/Arduino (0 .py).
personal-pipetting-robots#automated-immunostaining-cells,personal-pipetting-robots,10.1038/s41467-022-30643-7,,Open-source personal pipetting robots with live-cell incubation and microscopy compatibility,,2022,Amass BiomedCore search (2026-10-03),automated-immunostaining-cells,Automated immunostaining of cultured cells with PHIL,,Results 2.5; Methods 4.19,mostly,hand-read split (not yet run through identify),not_identified,,,,,,,True,cc by,europepmc:PMC9151679,52,downloaded,https://www.nature.com/articles/s41467-022-30643-7.pdf,0defac99f2bbc0bf3dab70392db62da325ec541aa63ee8ee44901137e9ccdb14,2270305,12,cc by,yes,pdf/personal-pipetting-robots.pdf,1 of 2 obtained: blocked: Zenodo returned 403 (bot protection) to curl; not downloaded | cloned,https://github.com/CSDGroup/PHIL | https://doi.org/10.5281/zenodo.6402030,e3070fb2b2,MIT,no,0,,not tested,, Paper Code availability names GitHub CSDGroup/PHIL + Zenodo 10.5281/zenodo.6402030; GitHub repo is MATLAB/Arduino (0 .py).
personal-pipetting-robots#long-term-live-cell-pipetting,personal-pipetting-robots,10.1038/s41467-022-30643-7,,Open-source personal pipetting robots with live-cell incubation and microscopy compatibility,,2022,Amass BiomedCore search (2026-10-03),long-term-live-cell-pipetting,Automated pipetting of long-term live-cell cultures (HSPC/GMP) with time-lapse imaging,,Results 2.6; Methods 4.8-4.15,partly,hand-read split (not yet run through identify),not_identified,,,,,,,True,cc by,europepmc:PMC9151679,52,downloaded,https://www.nature.com/articles/s41467-022-30643-7.pdf,0defac99f2bbc0bf3dab70392db62da325ec541aa63ee8ee44901137e9ccdb14,2270305,12,cc by,yes,pdf/personal-pipetting-robots.pdf,1 of 2 obtained: blocked: Zenodo returned 403 (bot protection) to curl; not downloaded | cloned,https://github.com/CSDGroup/PHIL | https://doi.org/10.5281/zenodo.6402030,e3070fb2b2,MIT,no,0,,not tested,, Paper Code availability names GitHub CSDGroup/PHIL + Zenodo 10.5281/zenodo.6402030; GitHub repo is MATLAB/Arduino (0 .py).
personal-pipetting-robots#tissue-immunostaining,personal-pipetting-robots,10.1038/s41467-022-30643-7,,Open-source personal pipetting robots with live-cell incubation and microscopy compatibility,,2022,Amass BiomedCore search (2026-10-03),tissue-immunostaining,Automated immunostaining of tissue sections with PHIL,,Methods 4.21-4.22,mostly,hand-read split (not yet run through identify),not_identified,,,,,,,True,cc by,europepmc:PMC9151679,52,downloaded,https://www.nature.com/articles/s41467-022-30643-7.pdf,0defac99f2bbc0bf3dab70392db62da325ec541aa63ee8ee44901137e9ccdb14,2270305,12,cc by,yes,pdf/personal-pipetting-robots.pdf,1 of 2 obtained: blocked: Zenodo returned 403 (bot protection) to curl; not downloaded | cloned,https://github.com/CSDGroup/PHIL | https://doi.org/10.5281/zenodo.6402030,e3070fb2b2,MIT,no,0,,not tested,, Paper Code availability names GitHub CSDGroup/PHIL + Zenodo 10.5281/zenodo.6402030; GitHub repo is MATLAB/Arduino (0 .py).
sars-cov-2-rtqpcr-jove#saliva-intake-heat-treatment,sars-cov-2-rtqpcr-jove,10.3791/63395,,Efficient SARS-CoV-2 Quantitative Reverse Transcriptase PCR Saliva Diagnostic Strategy utilizing Open-Source Pipetting Robots,,2022,Amass BiomedCore search (2026-10-03),saliva-intake-heat-treatment,"Sample intake, heat treatment and sample assignment (OT-2 plate preparation)",,"JoVE protocol section titles (video chapter ""Sample Intake, Heat Treatment, and Sample Assignment""); full text not retrievable",partly,hand-read split (not yet run through identify),not_identified,,,,,,,False,,,,paywalled_or_not_found,,,,,,unknown,,none known,,,,,,,,,JoVE page/PDF and PMC PDF bot-blocked (HTTP 403 / challenge page); not open access per Europe PMC; no code statement retrievable.
sars-cov-2-rtqpcr-jove#automated-rtqpcr-setup,sars-cov-2-rtqpcr-jove,10.3791/63395,,Efficient SARS-CoV-2 Quantitative Reverse Transcriptase PCR Saliva Diagnostic Strategy utilizing Open-Source Pipetting Robots,,2022,Amass BiomedCore search (2026-10-03),automated-rtqpcr-setup,Open-source robot multiplex RT-qPCR master-mix dispensing and sample transfer,,Abstract: open-source liquid handling robots and thermocyclers; protocol text not retrievable,mostly,hand-read split (not yet run through identify),not_identified,,,,,,,False,,,,paywalled_or_not_found,,,,,,unknown,,none known,,,,,,,,,JoVE page/PDF and PMC PDF bot-blocked (HTTP 403 / challenge page); not open access per Europe PMC; no code statement retrievable.
shotgun-proteomics-jove#digestion-no-sp3,shotgun-proteomics-jove,10.3791/63092,,Shotgun Proteomics Sample Processing Automated by an Open-Source Lab Robot,,2021,Amass BiomedCore search (2026-10-03),digestion-no-sp3,"Reduction, alkylation, digestion without SP3 (NoSP3_digestion.py)",,Code repo README digestion_scripts; paper text not retrievable,mostly,hand-read split (not yet run through identify),not_identified,,,,,,,False,,,,paywalled_or_not_found,,,,,,unknown,,1 of 1 obtained: cloned,https://github.com/MaggieLam-Lab/StandardDigestion-Opentrons,e093564589,MIT,yes,4,2.8,not tested,,"Repo identified via web search (Lam lab, JoVE 63092 authors); JoVE page/PDF not retrievable (bot check), so not confirmed from paper text."
shotgun-proteomics-jove#digestion-sp3,shotgun-proteomics-jove,10.3791/63092,,Shotgun Proteomics Sample Processing Automated by an Open-Source Lab Robot,,2021,Amass BiomedCore search (2026-10-03),digestion-sp3,"Reduction, alkylation, digestion with SP3 detergent removal (SP3_digestion.py)",,Code repo README,mostly,hand-read split (not yet run through identify),not_identified,,,,,,,False,,,,paywalled_or_not_found,,,,,,unknown,,1 of 1 obtained: cloned,https://github.com/MaggieLam-Lab/StandardDigestion-Opentrons,e093564589,MIT,yes,4,2.8,not tested,,"Repo identified via web search (Lam lab, JoVE 63092 authors); JoVE page/PDF not retrievable (bot check), so not confirmed from paper text."
shotgun-proteomics-jove#sp3-peptide-cleanup,shotgun-proteomics-jove,10.3791/63092,,Shotgun Proteomics Sample Processing Automated by an Open-Source Lab Robot,,2021,Amass BiomedCore search (2026-10-03),sp3-peptide-cleanup,Post-digestion SP3 peptide cleanup (SP3_peptide_cleanup.py),,Code repo README,mostly,hand-read split (not yet run through identify),not_identified,,,,,,,False,,,,paywalled_or_not_found,,,,,,unknown,,1 of 1 obtained: cloned,https://github.com/MaggieLam-Lab/StandardDigestion-Opentrons,e093564589,MIT,yes,4,2.8,not tested,,"Repo identified via web search (Lam lab, JoVE 63092 authors); JoVE page/PDF not retrievable (bot check), so not confirmed from paper text."
shotgun-proteomics-jove#bca-assay,shotgun-proteomics-jove,10.3791/63092,,Shotgun Proteomics Sample Processing Automated by an Open-Source Lab Robot,,2021,Amass BiomedCore search (2026-10-03),bca-assay,Total protein quantification by BCA assay (BCA_protocol.py),,Code repo README misc_scripts,mostly,hand-read split (not yet run through identify),not_identified,,,,,,,False,,,,paywalled_or_not_found,,,,,,unknown,,1 of 1 obtained: cloned,https://github.com/MaggieLam-Lab/StandardDigestion-Opentrons,e093564589,MIT,yes,4,2.8,not tested,,"Repo identified via web search (Lam lab, JoVE 63092 authors); JoVE page/PDF not retrievable (bot check), so not confirmed from paper text."
covid19clinic#extraction-qpcr-setup,covid19clinic,10.1371/journal.pone.0252509,,Implementation of an open-source robotic platform for SARS-CoV-2 testing by real-time RT-PCR,,2021,Amass BiomedCore search (2026-10-03),extraction-qpcr-setup,"OT-2 station A/B: lysis/reagent dispensing, nucleic acid extraction and qPCR plate set-up (circuit with KingFisher)",,Methods 2.2.1; Results 3.1,mostly,hand-read split (not yet run through identify),not_identified,,,,,,,True,cc by,europepmc:PMC8279358,22,downloaded,https://journals.plos.org/plosone/article/file?id=10.1371/journal.pone.0252509&type=printable,11209427b8d6daf98f61da4b785f3bbf90f8e61152dafc845f4774149c3eb14d,817267,11,cc by,yes,pdf/covid19clinic.pdf,3 of 3 obtained: cloned,https://github.com/CDB-coreBM/covid19clinic | https://github.com/kkdey/Robocov | https://github.com/theosanderson/tube_checkout,4e05150797 | 9fd6d200ed | 0bb5f6d76e,GPL-3.0 | none | none,no,45,2.0 | 2.2 | 2.7,not tested,,no paper cited | no paper cited
covid19clinic#circuit-clinical-evaluation,covid19clinic,10.1371/journal.pone.0252509,,Implementation of an open-source robotic platform for SARS-CoV-2 testing by real-time RT-PCR,,2021,Amass BiomedCore search (2026-10-03),circuit-clinical-evaluation,OT-2/KingFisher pathogen circuit evaluation in clinical setting,,Methods 2.2.2; Results 3.2,partly,hand-read split (not yet run through identify),not_identified,,,,,,,True,cc by,europepmc:PMC8279358,22,downloaded,https://journals.plos.org/plosone/article/file?id=10.1371/journal.pone.0252509&type=printable,11209427b8d6daf98f61da4b785f3bbf90f8e61152dafc845f4774149c3eb14d,817267,11,cc by,yes,pdf/covid19clinic.pdf,3 of 3 obtained: cloned,https://github.com/CDB-coreBM/covid19clinic | https://github.com/kkdey/Robocov | https://github.com/theosanderson/tube_checkout,4e05150797 | 9fd6d200ed | 0bb5f6d76e,GPL-3.0 | none | none,no,45,2.0 | 2.2 | 2.7,not tested,,no paper cited | no paper cited
covid19clinic#circuit-comparison-viral-pathogen-ii,covid19clinic,10.1371/journal.pone.0252509,,Implementation of an open-source robotic platform for SARS-CoV-2 testing by real-time RT-PCR,,2021,Amass BiomedCore search (2026-10-03),circuit-comparison-viral-pathogen-ii,Comparison of OT-2-KF pathogen circuit vs viral pathogen II kit,,Results 3.3,partly,hand-read split (not yet run through identify),not_identified,,,,,,,True,cc by,europepmc:PMC8279358,22,downloaded,https://journals.plos.org/plosone/article/file?id=10.1371/journal.pone.0252509&type=printable,11209427b8d6daf98f61da4b785f3bbf90f8e61152dafc845f4774149c3eb14d,817267,11,cc by,yes,pdf/covid19clinic.pdf,3 of 3 obtained: cloned,https://github.com/CDB-coreBM/covid19clinic | https://github.com/kkdey/Robocov | https://github.com/theosanderson/tube_checkout,4e05150797 | 9fd6d200ed | 0bb5f6d76e,GPL-3.0 | none | none,no,45,2.0 | 2.2 | 2.7,not tested,,no paper cited | no paper cited
covid19clinic#framework-calibration,covid19clinic,10.1371/journal.pone.0252509,,Implementation of an open-source robotic platform for SARS-CoV-2 testing by real-time RT-PCR,,2021,Amass BiomedCore search (2026-10-03),framework-calibration,"Liquid-class framework: height adjustment, reagent classes, custom labware",,Methods 2.1.1-2.1.5,partly,hand-read split (not yet run through identify),not_identified,,,,,,,True,cc by,europepmc:PMC8279358,22,downloaded,https://journals.plos.org/plosone/article/file?id=10.1371/journal.pone.0252509&type=printable,11209427b8d6daf98f61da4b785f3bbf90f8e61152dafc845f4774149c3eb14d,817267,11,cc by,yes,pdf/covid19clinic.pdf,3 of 3 obtained: cloned,https://github.com/CDB-coreBM/covid19clinic | https://github.com/kkdey/Robocov | https://github.com/theosanderson/tube_checkout,4e05150797 | 9fd6d200ed | 0bb5f6d76e,GPL-3.0 | none | none,no,45,2.0 | 2.2 | 2.7,not tested,,no paper cited | no paper cited
covid-diagnostic-capacity-2021#ot2-station-a,covid-diagnostic-capacity-2021,10.1016/j.eimc.2021.01.014,,Optimization and adaptation of the diagnostic capacity for the performance of large volumes of SARS-CoV-2 RT-PCR,,2021,Amass BiomedCore search (2026-10-03),ot2-station-a,OT-2 station A: lysis mix dispensing and extraction/reaction reagent dispensing,,Resultados 3.2,mostly,hand-read split (not yet run through identify),not_identified,,,,,,,True,,europepmc:PMC7877244,9,downloaded,https://pmc-oa-opendata.s3.amazonaws.com/PMC7877244.1/PMC7877244.1.pdf,4157f9d02168729b4ea2e02162b32cf3e83da3c3fcb535fffc0a37558e5976ce,657430,5,,unknown,pdf/covid-diagnostic-capacity-2021.pdf,none known,,,,,,,,,OA but Europe PMC PDF blocked (403); Spanish full text has no code/repo statement; code on request/not stated.
covid-diagnostic-capacity-2021#ot2-station-b,covid-diagnostic-capacity-2021,10.1016/j.eimc.2021.01.014,,Optimization and adaptation of the diagnostic capacity for the performance of large volumes of SARS-CoV-2 RT-PCR,,2021,Amass BiomedCore search (2026-10-03),ot2-station-b,OT-2 station B: RNA extraction and 96-well RT-PCR plate preparation,,Resultados 3.2,mostly,hand-read split (not yet run through identify),not_identified,,,,,,,True,,europepmc:PMC7877244,9,downloaded,https://pmc-oa-opendata.s3.amazonaws.com/PMC7877244.1/PMC7877244.1.pdf,4157f9d02168729b4ea2e02162b32cf3e83da3c3fcb535fffc0a37558e5976ce,657430,5,,unknown,pdf/covid-diagnostic-capacity-2021.pdf,none known,,,,,,,,,OA but Europe PMC PDF blocked (403); Spanish full text has no code/repo statement; code on request/not stated.
low-cost-pipetting-robot-slas#nl-transfer-accuracy,low-cost-pipetting-robot-slas,10.1177/2472630320973591,,Adapting a Low-Cost and Open-Source Commercial Pipetting Robot for Nanoliter Liquid Handling,,2021,Amass BiomedCore search (2026-10-03),nl-transfer-accuracy,"Modified OT-1 nanoliter transfer accuracy/precision (50 nL, 15 nL fluorescence)",,Abstract; full text not retrievable,mostly,hand-read split (not yet run through identify),not_identified,,,,,,,False,cc by-nc-nd,,,paywalled_or_not_found,,,,,cc by-nc-nd,unknown,,none known,,,,,,,,,CC BY-NC-ND; PDF bot-blocked (403) from Europe PMC/Sage; no code named in abstract; no repo found by web search.
low-cost-pipetting-robot-slas#lowinput-proteomic-prep,low-cost-pipetting-robot-slas,10.1177/2472630320973591,,Adapting a Low-Cost and Open-Source Commercial Pipetting Robot for Nanoliter Liquid Handling,,2021,Amass BiomedCore search (2026-10-03),lowinput-proteomic-prep,Low-nanogram proteomic sample preparation on modified OT-1,,Abstract; full text not retrievable,mostly,hand-read split (not yet run through identify),not_identified,,,,,,,False,cc by-nc-nd,,,paywalled_or_not_found,,,,,cc by-nc-nd,unknown,,none known,,,,,,,,,CC BY-NC-ND; PDF bot-blocked (403) from Europe PMC/Sage; no code named in abstract; no repo found by web search.
sars-cov-2-magbead-extraction#magbead-extraction-96well,sars-cov-2-magbead-extraction,10.3390/v12080863,,SARS-CoV-2 RNA Extraction Using Magnetic Beads for Rapid Large-Scale Testing by RT-qPCR and RT-LAMP,,2020,Amass BiomedCore search (2026-10-03),magbead-extraction-96well,Magnetic bead RNA extraction in 96-well plate (manual multichannel / Liquidator 96),,Methods 2.2,mostly,hand-read split (not yet run through identify),not_identified,,,,,,,True,cc by,europepmc:PMC7472728,15,downloaded,https://pmc-oa-opendata.s3.amazonaws.com/PMC7472728.1/PMC7472728.1.pdf,a8470d85b72294827d36b7f073923c94b3878bf7d7a08df9767c9936337dafbc,2560271,13,cc by,yes,pdf/sars-cov-2-magbead-extraction.pdf,none known,,,,,,,,,"CC BY but MDPI/Europe PMC PDF blocked (403/406); manual protocol, no code in text."
sars-cov-2-magbead-extraction#qiacube-extraction,sars-cov-2-magbead-extraction,10.3390/v12080863,,SARS-CoV-2 RNA Extraction Using Magnetic Beads for Rapid Large-Scale Testing by RT-qPCR and RT-LAMP,,2020,Amass BiomedCore search (2026-10-03),qiacube-extraction,RNA extraction with QIAcube (comparator),,Methods 2.3,little,hand-read split (not yet run through identify),not_identified,,,,,,,True,cc by,europepmc:PMC7472728,15,downloaded,https://pmc-oa-opendata.s3.amazonaws.com/PMC7472728.1/PMC7472728.1.pdf,a8470d85b72294827d36b7f073923c94b3878bf7d7a08df9767c9936337dafbc,2560271,13,cc by,yes,pdf/sars-cov-2-magbead-extraction.pdf,none known,,,,,,,,,"CC BY but MDPI/Europe PMC PDF blocked (403/406); manual protocol, no code in text."
sars-cov-2-magbead-extraction#rtqpcr-e-gene,sars-cov-2-magbead-extraction,10.3390/v12080863,,SARS-CoV-2 RNA Extraction Using Magnetic Beads for Rapid Large-Scale Testing by RT-qPCR and RT-LAMP,,2020,Amass BiomedCore search (2026-10-03),rtqpcr-e-gene,RT-qPCR plate set-up (E gene) and MS2 spike-in detection limit,,"Methods 2.4, 2.5",partly,hand-read split (not yet run through identify),not_identified,,,,,,,True,cc by,europepmc:PMC7472728,15,downloaded,https://pmc-oa-opendata.s3.amazonaws.com/PMC7472728.1/PMC7472728.1.pdf,a8470d85b72294827d36b7f073923c94b3878bf7d7a08df9767c9936337dafbc,2560271,13,cc by,yes,pdf/sars-cov-2-magbead-extraction.pdf,none known,,,,,,,,,"CC BY but MDPI/Europe PMC PDF blocked (403/406); manual protocol, no code in text."
sars-cov-2-magbead-extraction#rt-lamp-colorimetric-fluorescent,sars-cov-2-magbead-extraction,10.3390/v12080863,,SARS-CoV-2 RNA Extraction Using Magnetic Beads for Rapid Large-Scale Testing by RT-qPCR and RT-LAMP,,2020,Amass BiomedCore search (2026-10-03),rt-lamp-colorimetric-fluorescent,Colorimetric and fluorescent RT-LAMP set-up,,"Methods 2.6, 2.7",partly,hand-read split (not yet run through identify),not_identified,,,,,,,True,cc by,europepmc:PMC7472728,15,downloaded,https://pmc-oa-opendata.s3.amazonaws.com/PMC7472728.1/PMC7472728.1.pdf,a8470d85b72294827d36b7f073923c94b3878bf7d7a08df9767c9936337dafbc,2560271,13,cc by,yes,pdf/sars-cov-2-magbead-extraction.pdf,none known,,,,,,,,,"CC BY but MDPI/Europe PMC PDF blocked (403/406); manual protocol, no code in text."
dna-bot#exp1,dna-bot,10.1093/synbio/ysaa010,,"DNA-BOT: a low-cost, automated DNA assembly platform for synthetic biology",,2020,Amass BiomedCore search (2026-10-03),exp1,"DNA-BOT automated BASIC assembly and transformation of 88 three-gene operon constructs, with plate spotting","Test whether DNA-BOT can assemble and transform 88 ten-part operon constructs in a single run, giving colonies for all designs and low background.",Figure 3b | Figure 2b,mostly,paper2protocol identify,converted,reject,major_issues,34,1,,,True,cc by,europepmc:PMC7476404,10,downloaded,https://pmc-oa-opendata.s3.amazonaws.com/PMC7476404.1/PMC7476404.1.pdf,e23ff0b43be9dbbd2a138355aeafe14adfe12bb28b1f61db10939ccb04a16008,562844,7,cc by,yes,pdf/dna-bot.pdf,1 of 1 obtained: cloned,https://github.com/BASIC-DNA-ASSEMBLY/DNA-BOT,ae9aebbd58,MIT,yes,15,,no: needs removed Opentrons API v1,sources/dna-bot/code,"cites paper | cites paper Paper links branch oup_synbio (/tree/oup_synbio and /sequences); cache checked out at pinned commit ae9aebb (2024-01-19, master). Vendored copy: references/dna-bot-ysaa010."
dna-bot#exp2,dna-bot,10.1093/synbio/ysaa010,,"DNA-BOT: a low-cost, automated DNA assembly platform for synthetic biology",,2020,Amass BiomedCore search (2026-10-03),exp2,"Flow cytometry of sfGFP, mCherry and BFP expression from picked DNA-BOT colonies","Quantify single-cell fluorescence of three biological replicates per construct to check assembly accuracy and the effect of promoter, RBS and gene order on expression.",Figure 3c,partly,paper2protocol identify,converted,proceed_with_assumptions,major_issues,19,0,,,True,cc by,europepmc:PMC7476404,10,downloaded,https://pmc-oa-opendata.s3.amazonaws.com/PMC7476404.1/PMC7476404.1.pdf,e23ff0b43be9dbbd2a138355aeafe14adfe12bb28b1f61db10939ccb04a16008,562844,7,cc by,yes,pdf/dna-bot.pdf,1 of 1 obtained: cloned,https://github.com/BASIC-DNA-ASSEMBLY/DNA-BOT,ae9aebbd58,MIT,yes,15,,no: needs removed Opentrons API v1,sources/dna-bot/code,"cites paper | cites paper Paper links branch oup_synbio (/tree/oup_synbio and /sequences); cache checked out at pinned commit ae9aebb (2024-01-19, master). Vendored copy: references/dna-bot-ysaa010."
botany#exp1,botany,10.1101/2025.08.21.671538,10.1093/plphys/kiag066,BOTany: Voiniciuc lab OT-2 workflows (preprint and published version),bioRxiv,2025,lLegon,exp1,Automated Plant MoClo Level 1 Golden Gate assembly with colony PCR verification,"Test whether OT-2 BOTany1-3 workflows (primer dilution, PCR setup, Golden Gate assembly) correctly assemble seven Plant MoClo Level 1 vectors, verified by colony PCR.",Figure 1D,mostly,paper2protocol identify,rejected,reject,,,,,,False,cc by,biorxiv,22,downloaded,https://www.biorxiv.org/content/10.1101/2025.08.21.671538v1.full.pdf,5c6f55d21eb469e8923350322283c01f08cb4e04171eca769f5a8daa0fba43b2,1613591,19,cc by,yes,pdf/botany.pdf,1 of 1 obtained: cloned,https://github.com/cvoiniciuc/BOTany,c7588d321a,none,no,8,2.20,no: needs API 2.20 and a runtime CSV,sources/botany/code,"two DOIs, one study | two DOIs, one study | Published version 10.1093/plphys/kiag066 is the same study; PDF is the bioRxiv preprint (CC-BY). Paper names only github.com/cvoiniciuc/BOTany. Repo has no LICENSE file (licence none), so not redistributable. Experiment ids are 1-based positions in the pipeline experiments.json (no id field there)."
botany#exp2,botany,10.1101/2025.08.21.671538,10.1093/plphys/kiag066,BOTany: Voiniciuc lab OT-2 workflows (preprint and published version),bioRxiv,2025,lLegon,exp2,Automated E. coli transformation (BOTany4-Shock&Go) with blue/white screening,Validate parallel heat-shock transformation of competent E. coli with Plant MoClo assemblies on the OT-2 by colony counts and fraction of blue (empty-vector) colonies.,Figure 2C | Figure 2D,mostly,paper2protocol identify,converted,proceed_with_assumptions,major_issues,21,0,,,False,cc by,biorxiv,22,downloaded,https://www.biorxiv.org/content/10.1101/2025.08.21.671538v1.full.pdf,5c6f55d21eb469e8923350322283c01f08cb4e04171eca769f5a8daa0fba43b2,1613591,19,cc by,yes,pdf/botany.pdf,1 of 1 obtained: cloned,https://github.com/cvoiniciuc/BOTany,c7588d321a,none,no,8,2.20,no: needs API 2.20 and a runtime CSV,sources/botany/code,"two DOIs, one study | two DOIs, one study | Published version 10.1093/plphys/kiag066 is the same study; PDF is the bioRxiv preprint (CC-BY). Paper names only github.com/cvoiniciuc/BOTany. Repo has no LICENSE file (licence none), so not redistributable. Experiment ids are 1-based positions in the pipeline experiments.json (no id field there)."
botany#exp3,botany,10.1101/2025.08.21.671538,10.1093/plphys/kiag066,BOTany: Voiniciuc lab OT-2 workflows (preprint and published version),bioRxiv,2025,lLegon,exp3,"MagBead plasmid extraction and downstream use in Golden Gate assembly, E. coli transformation and colony PCR","Show that plasmids extracted semi-automatically with Zyppy-96 MagBead kit on OT-2 are suitable for Golden Gate assembly and E. coli transformation, with colony PCR genotyping of resulting colonies.",Figure 3A | Figure 3B | Figure 3C,mostly,paper2protocol identify,rejected,reject,,,,,,False,cc by,biorxiv,22,downloaded,https://www.biorxiv.org/content/10.1101/2025.08.21.671538v1.full.pdf,5c6f55d21eb469e8923350322283c01f08cb4e04171eca769f5a8daa0fba43b2,1613591,19,cc by,yes,pdf/botany.pdf,1 of 1 obtained: cloned,https://github.com/cvoiniciuc/BOTany,c7588d321a,none,no,8,2.20,no: needs API 2.20 and a runtime CSV,sources/botany/code,"two DOIs, one study | two DOIs, one study | Published version 10.1093/plphys/kiag066 is the same study; PDF is the bioRxiv preprint (CC-BY). Paper names only github.com/cvoiniciuc/BOTany. Repo has no LICENSE file (licence none), so not redistributable. Experiment ids are 1-based positions in the pipeline experiments.json (no id field there)."
botany#exp4,botany,10.1101/2025.08.21.671538,10.1093/plphys/kiag066,BOTany: Voiniciuc lab OT-2 workflows (preprint and published version),bioRxiv,2025,lLegon,exp4,Pichia electroporation with MagBead-extracted Level 1 plasmids and colony genotyping,Demonstrate MagBead-extracted episomal plasmids are pure and concentrated enough for Pichia electroporation.,Figure 3D,little,paper2protocol identify,converted,proceed_with_assumptions,major_issues,49,0,,,False,cc by,biorxiv,22,downloaded,https://www.biorxiv.org/content/10.1101/2025.08.21.671538v1.full.pdf,5c6f55d21eb469e8923350322283c01f08cb4e04171eca769f5a8daa0fba43b2,1613591,19,cc by,yes,pdf/botany.pdf,1 of 1 obtained: cloned,https://github.com/cvoiniciuc/BOTany,c7588d321a,none,no,8,2.20,no: needs API 2.20 and a runtime CSV,sources/botany/code,"two DOIs, one study | two DOIs, one study | Published version 10.1093/plphys/kiag066 is the same study; PDF is the bioRxiv preprint (CC-BY). Paper names only github.com/cvoiniciuc/BOTany. Repo has no LICENSE file (licence none), so not redistributable. Experiment ids are 1-based positions in the pipeline experiments.json (no id field there)."
botany#exp5,botany,10.1101/2025.08.21.671538,10.1093/plphys/kiag066,BOTany: Voiniciuc lab OT-2 workflows (preprint and published version),bioRxiv,2025,lLegon,exp5,BOTany6-Universal mosaic inoculation of Pichia strains in 96 deep-well plate,"Validate the universal pipetting protocol by filling a 96 deep-well plate with media and inoculating fluorescent Pichia strains in a mosaic pattern, checking for cross-contamination via OD600 and fluorescence.",Figure 4B | Figure 4C | Figure 4D | Figure 4E,mostly,paper2protocol identify,converted,proceed_with_assumptions,minor_issues,15,0,,,False,cc by,biorxiv,22,downloaded,https://www.biorxiv.org/content/10.1101/2025.08.21.671538v1.full.pdf,5c6f55d21eb469e8923350322283c01f08cb4e04171eca769f5a8daa0fba43b2,1613591,19,cc by,yes,pdf/botany.pdf,1 of 1 obtained: cloned,https://github.com/cvoiniciuc/BOTany,c7588d321a,none,no,8,2.20,no: needs API 2.20 and a runtime CSV,sources/botany/code,"two DOIs, one study | two DOIs, one study | Published version 10.1093/plphys/kiag066 is the same study; PDF is the bioRxiv preprint (CC-BY). Paper names only github.com/cvoiniciuc/BOTany. Repo has no LICENSE file (licence none), so not redistributable. Experiment ids are 1-based positions in the pipeline experiments.json (no id field there)."
transporter-screening#exp1,transporter-screening,10.3390/antibiotics11081129,,Transporter screening for antibiotic susceptibility (Antibiotics 2022),,2022,lLegon,exp1,Baseline growth of E. coli transporter knockout library in LB (no antibiotic),"Measure growth curves (growth rate, AUC) of 447 transporter knockouts in antibiotic-free LB to establish baseline variation and replicate correlation.",Figure 1A | Figure 1B | Figure 1C | Figure 1D | Figure 2A,mostly,paper2protocol identify,converted,proceed_with_assumptions,major_issues,39,5,,,True,cc by,europepmc:PMC9405208,9,downloaded,https://pmc-oa-opendata.s3.amazonaws.com/PMC9405208.1/PMC9405208.1.pdf,93d2cd829e55e29d2d071bc670e4c14ae8f71b5992bfec3b4e12d0cc7cd8a93d,3748534,15,cc by,yes,pdf/transporter-screening.pdf,1 of 1 obtained: cloned,https://github.com/ljm176/TransporterScreening,455fc2e569,none,no,2,2.2,no: needs a custom labware definition that is not in the repo,sources/transporter-screening/code,"PDF not retrieved: PMC/Europe PMC/MDPI/DTU Orbit all returned 403 or a bot-check page; OA CC-BY paper, so a human can download it from https://www.mdpi.com/2079-6382/11/8/1129/pdf. Code: ljm176/TransporterScreening has no licence file. opentrons_py_files=0 is a detector miss: both .py files (LoadMedia_GPPlates.py, innoc_glycerol_droplets_V2.py) use protocol.load_labware with apiLevel 2.2, i.e. 2 Opentrons protocols."
transporter-screening#exp2,transporter-screening,10.3390/antibiotics11081129,,Transporter screening for antibiotic susceptibility (Antibiotics 2022),,2022,lLegon,exp2,Screening of transporter knockout library at sub-inhibitory concentrations of 18 antimicrobials,Measure growth curves of knockout strains in the presence of sub-inhibitory antimicrobial concentrations to identify resistant or sensitive strains suggestive of transport pathways.,Figure 2B | Figure 2C | Figure 2D | Figure 3 | Figure 4 | Figure 5 | Figure 6 | Figure 7B | Figure 7C | Figure 8,mostly,paper2protocol identify,converted,proceed_with_assumptions,major_issues,46,5,,,True,cc by,europepmc:PMC9405208,9,downloaded,https://pmc-oa-opendata.s3.amazonaws.com/PMC9405208.1/PMC9405208.1.pdf,93d2cd829e55e29d2d071bc670e4c14ae8f71b5992bfec3b4e12d0cc7cd8a93d,3748534,15,cc by,yes,pdf/transporter-screening.pdf,1 of 1 obtained: cloned,https://github.com/ljm176/TransporterScreening,455fc2e569,none,no,2,2.2,no: needs a custom labware definition that is not in the repo,sources/transporter-screening/code,"PDF not retrieved: PMC/Europe PMC/MDPI/DTU Orbit all returned 403 or a bot-check page; OA CC-BY paper, so a human can download it from https://www.mdpi.com/2079-6382/11/8/1129/pdf. Code: ljm176/TransporterScreening has no licence file. opentrons_py_files=0 is a detector miss: both .py files (LoadMedia_GPPlates.py, innoc_glycerol_droplets_V2.py) use protocol.load_labware with apiLevel 2.2, i.e. 2 Opentrons protocols."
transporter-screening#exp3,transporter-screening,10.3390/antibiotics11081129,,Transporter screening for antibiotic susceptibility (Antibiotics 2022),,2022,lLegon,exp3,MIC and concentration-inhibition determination of antibiotics in wild-type BW1556,Determine MICs and choose sub-inhibitory screening concentrations for each antimicrobial by growth in two-fold serial dilutions in LB.,Figure 7A,mostly,paper2protocol identify,converted,proceed_with_assumptions,major_issues,58,1,,,True,cc by,europepmc:PMC9405208,9,downloaded,https://pmc-oa-opendata.s3.amazonaws.com/PMC9405208.1/PMC9405208.1.pdf,93d2cd829e55e29d2d071bc670e4c14ae8f71b5992bfec3b4e12d0cc7cd8a93d,3748534,15,cc by,yes,pdf/transporter-screening.pdf,1 of 1 obtained: cloned,https://github.com/ljm176/TransporterScreening,455fc2e569,none,no,2,2.2,no: needs a custom labware definition that is not in the repo,sources/transporter-screening/code,"PDF not retrieved: PMC/Europe PMC/MDPI/DTU Orbit all returned 403 or a bot-check page; OA CC-BY paper, so a human can download it from https://www.mdpi.com/2079-6382/11/8/1129/pdf. Code: ljm176/TransporterScreening has no licence file. opentrons_py_files=0 is a detector miss: both .py files (LoadMedia_GPPlates.py, innoc_glycerol_droplets_V2.py) use protocol.load_labware with apiLevel 2.2, i.e. 2 Opentrons protocols."
kdm2b-hif#exp1,kdm2b-hif,10.64898/2026.03.26.714448,,HRE-luciferase reporter after KDM2B knockdown,bioRxiv,2026,lLegon,exp1,HRE-luciferase reporter assay after KDM2B siRNA knockdown in normoxia/hypoxia,"Measure HIF transcriptional activity in U2OS, MDA-MB-231 and HeLa HRE-luciferase cells after KDM2B depletion with or without 1% O2.",Figure 1B,partly,paper2protocol identify,converted,proceed_with_assumptions,major_issues,53,0,,,True,cc by,europepmc:PPR1217548,24,downloaded,https://www.biorxiv.org/content/10.64898/2026.03.26.714448v2.full.pdf,9636879a0962d04ff7be364922d24909b281d7acbedfcb8d48152502f754e6ed,776363,33,cc by,yes,pdf/kdm2b-hif.pdf,none known,,,,,,,,,no code | no code | bioRxiv preprint (CC-BY). No code: Data availability section only cites Figshare source data doi 10.6084/m9.figshare.33154961; no GitHub/protocol code and no Opentrons mention in the text.
kdm2b-hif#exp2,kdm2b-hif,10.64898/2026.03.26.714448,,HRE-luciferase reporter after KDM2B knockdown,bioRxiv,2026,lLegon,exp2,HRE-luciferase reporter assay after KDM2B overexpression,Test whether KDM2B overexpression (0.1 or 1 ug plasmid) increases HIF reporter activity in U2OS and HeLa HRE-luciferase cells at 21% O2.,Figure 1C,partly,paper2protocol identify,identified,,,,,,,True,cc by,europepmc:PPR1217548,24,downloaded,https://www.biorxiv.org/content/10.64898/2026.03.26.714448v2.full.pdf,9636879a0962d04ff7be364922d24909b281d7acbedfcb8d48152502f754e6ed,776363,33,cc by,yes,pdf/kdm2b-hif.pdf,none known,,,,,,,,,no code | no code | bioRxiv preprint (CC-BY). No code: Data availability section only cites Figshare source data doi 10.6084/m9.figshare.33154961; no GitHub/protocol code and no Opentrons mention in the text.
kdm2b-hif#exp3,kdm2b-hif,10.64898/2026.03.26.714448,,HRE-luciferase reporter after KDM2B knockdown,bioRxiv,2026,lLegon,exp3,qPCR validation of KDM2B siRNA knockdown and HIF-1α/HIF-2α/KDM2B mRNA levels,Confirm KDM2B depletion and measure HIF1A and EPAS1 mRNA levels after KDM2B siRNA in normoxia and hypoxia.,Figure 3B | Figure S1A-C | Figure S2A-B | Figure S3A-B,partly,paper2protocol identify,identified,,,,,,,True,cc by,europepmc:PPR1217548,24,downloaded,https://www.biorxiv.org/content/10.64898/2026.03.26.714448v2.full.pdf,9636879a0962d04ff7be364922d24909b281d7acbedfcb8d48152502f754e6ed,776363,33,cc by,yes,pdf/kdm2b-hif.pdf,none known,,,,,,,,,no code | no code | bioRxiv preprint (CC-BY). No code: Data availability section only cites Figshare source data doi 10.6084/m9.figshare.33154961; no GitHub/protocol code and no Opentrons mention in the text.
kdm2b-hif#exp4,kdm2b-hif,10.64898/2026.03.26.714448,,HRE-luciferase reporter after KDM2B knockdown,bioRxiv,2026,lLegon,exp4,Immunoblot of HIF target genes and HIF subunits after KDM2B knockdown,"Assess protein levels of CA9, BNIP3, BNIP3L and HIF-1α/2α/1β after KDM2B depletion in normoxia and hypoxia in U2OS and MDA-MB-231 cells.",Figure 2A | Figure 3A,little,paper2protocol identify,identified,,,,,,,True,cc by,europepmc:PPR1217548,24,downloaded,https://www.biorxiv.org/content/10.64898/2026.03.26.714448v2.full.pdf,9636879a0962d04ff7be364922d24909b281d7acbedfcb8d48152502f754e6ed,776363,33,cc by,yes,pdf/kdm2b-hif.pdf,none known,,,,,,,,,no code | no code | bioRxiv preprint (CC-BY). No code: Data availability section only cites Figshare source data doi 10.6084/m9.figshare.33154961; no GitHub/protocol code and no Opentrons mention in the text.
kdm2b-hif#exp5,kdm2b-hif,10.64898/2026.03.26.714448,,HRE-luciferase reporter after KDM2B knockdown,bioRxiv,2026,lLegon,exp5,HIF-1α ChIP-qPCR at target gene HREs after KDM2B knockdown,"Determine whether KDM2B depletion reduces HIF-1α occupancy at the BNIP3, CA9 and EGLN3 HREs in hypoxia.",Figure 2B,mostly,paper2protocol identify,identified,,,,,,,True,cc by,europepmc:PPR1217548,24,downloaded,https://www.biorxiv.org/content/10.64898/2026.03.26.714448v2.full.pdf,9636879a0962d04ff7be364922d24909b281d7acbedfcb8d48152502f754e6ed,776363,33,cc by,yes,pdf/kdm2b-hif.pdf,none known,,,,,,,,,no code | no code | bioRxiv preprint (CC-BY). No code: Data availability section only cites Figshare source data doi 10.6084/m9.figshare.33154961; no GitHub/protocol code and no Opentrons mention in the text.
kdm2b-hif#exp6,kdm2b-hif,10.64898/2026.03.26.714448,,HRE-luciferase reporter after KDM2B knockdown,bioRxiv,2026,lLegon,exp6,KDM2B domain-mutant overexpression: HRE-luciferase reporter assay,"Determine which KDM2B domains (JmjC, CxxC, PHD, F-box) are required for increasing HIF reporter activity in U2OS and HEK293 HRE-luciferase cells.",Figure 4B,partly,paper2protocol identify,identified,,,,,,,True,cc by,europepmc:PPR1217548,24,downloaded,https://www.biorxiv.org/content/10.64898/2026.03.26.714448v2.full.pdf,9636879a0962d04ff7be364922d24909b281d7acbedfcb8d48152502f754e6ed,776363,33,cc by,yes,pdf/kdm2b-hif.pdf,none known,,,,,,,,,no code | no code | bioRxiv preprint (CC-BY). No code: Data availability section only cites Figshare source data doi 10.6084/m9.figshare.33154961; no GitHub/protocol code and no Opentrons mention in the text.
kdm2b-hif#exp7,kdm2b-hif,10.64898/2026.03.26.714448,,HRE-luciferase reporter after KDM2B knockdown,bioRxiv,2026,lLegon,exp7,KDM2B domain-mutant overexpression: immunoblot of HIF-1α and targets,"Verify equal expression of KDM2B WT/mutants and assess HIF-1α, CA9, BNIP3 and BNIP3L protein levels in U2OS and HEK293 cells.",Figure 4C | Figure S4,little,paper2protocol identify,identified,,,,,,,True,cc by,europepmc:PPR1217548,24,downloaded,https://www.biorxiv.org/content/10.64898/2026.03.26.714448v2.full.pdf,9636879a0962d04ff7be364922d24909b281d7acbedfcb8d48152502f754e6ed,776363,33,cc by,yes,pdf/kdm2b-hif.pdf,none known,,,,,,,,,no code | no code | bioRxiv preprint (CC-BY). No code: Data availability section only cites Figshare source data doi 10.6084/m9.figshare.33154961; no GitHub/protocol code and no Opentrons mention in the text.
kdm2b-hif#exp8,kdm2b-hif,10.64898/2026.03.26.714448,,HRE-luciferase reporter after KDM2B knockdown,bioRxiv,2026,lLegon,exp8,RNA Pol II ChIP-qPCR at the HIF1A promoter after KDM2B knockdown or domain-mutant overexpression,Test whether KDM2B controls RNA Pol II recruitment to the HIF1A promoter via its JmjC and CxxC domains.,Figure 5B | Figure 5C,mostly,paper2protocol identify,identified,,,,,,,True,cc by,europepmc:PPR1217548,24,downloaded,https://www.biorxiv.org/content/10.64898/2026.03.26.714448v2.full.pdf,9636879a0962d04ff7be364922d24909b281d7acbedfcb8d48152502f754e6ed,776363,33,cc by,yes,pdf/kdm2b-hif.pdf,none known,,,,,,,,,no code | no code | bioRxiv preprint (CC-BY). No code: Data availability section only cites Figshare source data doi 10.6084/m9.figshare.33154961; no GitHub/protocol code and no Opentrons mention in the text.
kdm2b-hif#exp9,kdm2b-hif,10.64898/2026.03.26.714448,,HRE-luciferase reporter after KDM2B knockdown,bioRxiv,2026,lLegon,exp9,Cell proliferation assay after KDM2B knockdown in normoxia and hypoxia,Measure live cell numbers over 96 h in U2OS and MDA-MB-231 cells after KDM2B depletion with or without 1% O2.,Figure 6A | Figure 6B,partly,paper2protocol identify,identified,,,,,,,True,cc by,europepmc:PPR1217548,24,downloaded,https://www.biorxiv.org/content/10.64898/2026.03.26.714448v2.full.pdf,9636879a0962d04ff7be364922d24909b281d7acbedfcb8d48152502f754e6ed,776363,33,cc by,yes,pdf/kdm2b-hif.pdf,none known,,,,,,,,,no code | no code | bioRxiv preprint (CC-BY). No code: Data availability section only cites Figshare source data doi 10.6084/m9.figshare.33154961; no GitHub/protocol code and no Opentrons mention in the text.
kdm2b-hif#exp10,kdm2b-hif,10.64898/2026.03.26.714448,,HRE-luciferase reporter after KDM2B knockdown,bioRxiv,2026,lLegon,exp10,NF-κB luciferase reporter assay after KDM2B knockdown or overexpression with TNF-α,Assess KDM2B regulation of NF-κB reporter activity and the requirement for JmjC and CxxC domains in U2OS κB-luciferase cells.,Figure S5A | Figure S5B,partly,paper2protocol identify,identified,,,,,,,True,cc by,europepmc:PPR1217548,24,downloaded,https://www.biorxiv.org/content/10.64898/2026.03.26.714448v2.full.pdf,9636879a0962d04ff7be364922d24909b281d7acbedfcb8d48152502f754e6ed,776363,33,cc by,yes,pdf/kdm2b-hif.pdf,none known,,,,,,,,,no code | no code | bioRxiv preprint (CC-BY). No code: Data availability section only cites Figshare source data doi 10.6084/m9.figshare.33154961; no GitHub/protocol code and no Opentrons mention in the text.
yeast-mycosporine#exp1,yeast-mycosporine,10.1101/2024.09.14.613006,,Yeast engineering and LC-HRMS of mycosporine-glycine,bioRxiv,2024,lLegon,exp1,Yeast strain engineering and LC-HRMS detection of 4-DG and MG production,"Measure 4-DG and mycosporine-glycine production in stepwise engineered S. cerevisiae strains (SC.L2, SC.L3, SC.L6, SC.L26) to confirm functionality of the MG pathway.",Figure 2A | Figure 2B,partly,paper2protocol identify,converted,proceed_with_assumptions,major_issues,56,0,,,True,cc by-nc-nd,biorxiv,17,downloaded,https://www.biorxiv.org/content/10.1101/2024.09.14.613006v1.full.pdf,1f9ef476bc2a7ac4d21f2caeba22f3def9e980ecaed6293f726b4c9f6528c0a2,1396080,24,cc by-nc-nd,no,pdf/yeast-mycosporine.pdf,none known,,,,,,,,,"no code | no code | bioRxiv preprint (CC-BY-NC-ND, not redistributable). No code and no Opentrons/robot/liquid-handler mention anywhere in the PDF text; liquid handling is only inferred by the pipeline."
yeast-mycosporine#exp2,yeast-mycosporine,10.1101/2024.09.14.613006,,Yeast engineering and LC-HRMS of mycosporine-glycine,bioRxiv,2024,lLegon,exp2,"Expression of wild-type, loop-swapped and point-mutant Np.MysD and Nl.MysD in SC.L26 and quantification of shinorine and porphyra-334",Determine how omega-loop substitution and swapping of residues 249/257 (Np.MysD) or 247/255 (Nl.MysD) change shinorine vs porphyra-334 product specificity.,Figure 3B | Figure 3C | Figure S3,partly,paper2protocol identify,identified,,,,,,,True,cc by-nc-nd,biorxiv,17,downloaded,https://www.biorxiv.org/content/10.1101/2024.09.14.613006v1.full.pdf,1f9ef476bc2a7ac4d21f2caeba22f3def9e980ecaed6293f726b4c9f6528c0a2,1396080,24,cc by-nc-nd,no,pdf/yeast-mycosporine.pdf,none known,,,,,,,,,"no code | no code | bioRxiv preprint (CC-BY-NC-ND, not redistributable). No code and no Opentrons/robot/liquid-handler mention anywhere in the PDF text; liquid handling is only inferred by the pipeline."
yeast-mycosporine#exp3,yeast-mycosporine,10.1101/2024.09.14.613006,,Yeast engineering and LC-HRMS of mycosporine-glycine,bioRxiv,2024,lLegon,exp3,Screening of 20 cyanobacterial MysD orthologs expressed in SC.L26 by LC-HRMS,Test whether the two-residue pattern predicts shinorine vs porphyra-334 product preference across natural MysDs.,Figure 4B | Figure S4 | Figure S9-S28,partly,paper2protocol identify,identified,,,,,,,True,cc by-nc-nd,biorxiv,17,downloaded,https://www.biorxiv.org/content/10.1101/2024.09.14.613006v1.full.pdf,1f9ef476bc2a7ac4d21f2caeba22f3def9e980ecaed6293f726b4c9f6528c0a2,1396080,24,cc by-nc-nd,no,pdf/yeast-mycosporine.pdf,none known,,,,,,,,,"no code | no code | bioRxiv preprint (CC-BY-NC-ND, not redistributable). No code and no Opentrons/robot/liquid-handler mention anywhere in the PDF text; liquid handling is only inferred by the pipeline."
hulp-rna-extraction#exp1,hulp-rna-extraction,10.1371/journal.pone.0246302,,Automated low-cost SARS-CoV-2 RNA extraction protocols,,2021,lLegon; Harbor task (Mohammed Alshehri),exp1,Extraction efficiency of in-house vs commercial protocols using spiked mock samples (TaqMan control),"Compare nucleic acid extraction efficiency of MMkit, OT-2in-house and MMin-house using mock samples with standard, low and very-low viral loads of the DNA positive control.",S1 Table,mostly,paper2protocol identify,identified,,,,,,,True,cc by,plos:plosone,16,downloaded,https://journals.plos.org/plosone/article/file?id=10.1371/journal.pone.0246302&type=printable,d7f54f252ba69f3a310d3d171f9624239414cf1236cc0f0428cf1991c679c3cc,945171,10,cc by,yes,pdf/hulp-rna-extraction.pdf,1 of 1 obtained: cloned,https://github.com/HULPopentrons/RNA_extraction_OT2opentrons,8703f8930b,none,no,1,2.2,"yes (1,895 commands)",sources/hulp-rna-extraction/code,"Harbor task source | Harbor task source | Paper names github.com/HULPopentrons/RNA_extraction_OT2opentrons (1 py file, no licence file; not redistributable)."
hulp-rna-extraction#exp2,hulp-rna-extraction,10.1371/journal.pone.0246302,,Automated low-cost SARS-CoV-2 RNA extraction protocols,,2021,lLegon; Harbor task (Mohammed Alshehri),exp2,RNA extraction from clinical nasopharyngeal swabs with three protocols followed by SARS-CoV-2 RT-qPCR,"Compare detection rate and Ct values for orf1ab, S and N targets in 141 positive clinical samples extracted in parallel with MMkit, OT-2in-house and MMin-house.",Figure 1 | Figure 2 | S1 Fig,mostly,paper2protocol identify,converted,proceed_with_assumptions,minor_issues,91,0,opentrons-rna-extraction,same paper (Harbor task),True,cc by,plos:plosone,16,downloaded,https://journals.plos.org/plosone/article/file?id=10.1371/journal.pone.0246302&type=printable,d7f54f252ba69f3a310d3d171f9624239414cf1236cc0f0428cf1991c679c3cc,945171,10,cc by,yes,pdf/hulp-rna-extraction.pdf,1 of 1 obtained: cloned,https://github.com/HULPopentrons/RNA_extraction_OT2opentrons,8703f8930b,none,no,1,2.2,"yes (1,895 commands)",sources/hulp-rna-extraction/code,"Harbor task source | Harbor task source | Paper names github.com/HULPopentrons/RNA_extraction_OT2opentrons (1 py file, no licence file; not redistributable)."
slowpoke#exp1,slowpoke,10.1021/acssynbio.5c00629,,Slowpoke: Golden Gate cloning and colony PCR on OT-2/Flex,,2026,other Claude session,exp1,YTK Level 1 TU assembly on OT-2 with colony PCR and yeast sfGFP flow cytometry,"Validate automated Golden Gate assembly, transformation, plating and colony PCR of 19 promoter-sfGFP transcription units on the OT-2, and check promoter function in S. cerevisiae.",Figure 2C | Figure 2D | Figure 2E,mostly,paper2protocol identify,converted,proceed_with_assumptions,major_issues,65,3,,,True,cc by,europepmc:PMC12930513,29,downloaded,https://pmc-oa-opendata.s3.amazonaws.com/PMC12930513.1/PMC12930513.1.pdf,1736348d1c57e93a2279429fb435671326beb7a616aa9b0d5a73feef2dc98c7d,6716315,11,cc by,yes,pdf/slowpoke.pdf,2 of 2 obtained: cloned,https://github.com/Tom-Ellis-Lab/Slowpoke | https://github.com/Imperial-Opentrons-Users/automated-colony-picker,62648d2bf3 | ca3bb24493,MIT | none,no,8,2.13 | 2.21 | 2.8,"yes, once sources/slowpoke/code/assemble.py binds its CSVs",sources/slowpoke/code,"PMC12930513 | PMC12930513 | PDF not retrieved: open access (CC-BY, PMC12930513) but PMC, Europe PMC, ACS and HAL return 403 or a proof-of-work bot-check page; not circumvented. Paper names two repos: Tom-Ellis-Lab/Slowpoke (MIT) and Imperial-Opentrons-Users/automated-colony-picker (no licence file; supports colony-picker hardware, 2 opentrons py files). Pipeline file is outside repo (Text2WetLab/out)."
slowpoke#exp2,slowpoke,10.1021/acssynbio.5c00629,,Slowpoke: Golden Gate cloning and colony PCR on OT-2/Flex,,2026,other Claude session,exp2,STK five-part Level 1 TU assembly on OT-2 with colony PCR and B. subtilis GFP assay,"Show Slowpoke works with a second toolkit (SubtiToolKit) by assembling RBS/promoter/GFP TUs, screening by colony PCR, and measuring GFP expression in B. subtilis.",Figure 3D | Figure 3E | Figure S1,partly,paper2protocol identify,identified,,,,,,,True,cc by,europepmc:PMC12930513,29,downloaded,https://pmc-oa-opendata.s3.amazonaws.com/PMC12930513.1/PMC12930513.1.pdf,1736348d1c57e93a2279429fb435671326beb7a616aa9b0d5a73feef2dc98c7d,6716315,11,cc by,yes,pdf/slowpoke.pdf,2 of 2 obtained: cloned,https://github.com/Tom-Ellis-Lab/Slowpoke | https://github.com/Imperial-Opentrons-Users/automated-colony-picker,62648d2bf3 | ca3bb24493,MIT | none,no,8,2.13 | 2.21 | 2.8,"yes, once sources/slowpoke/code/assemble.py binds its CSVs",sources/slowpoke/code,"PMC12930513 | PMC12930513 | PDF not retrieved: open access (CC-BY, PMC12930513) but PMC, Europe PMC, ACS and HAL return 403 or a proof-of-work bot-check page; not circumvented. Paper names two repos: Tom-Ellis-Lab/Slowpoke (MIT) and Imperial-Opentrons-Users/automated-colony-picker (no licence file; supports colony-picker hardware, 2 opentrons py files). Pipeline file is outside repo (Text2WetLab/out)."
slowpoke#exp3,slowpoke,10.1021/acssynbio.5c00629,,Slowpoke: Golden Gate cloning and colony PCR on OT-2/Flex,,2026,other Claude session,exp3,YTK TU assembly on Opentrons Flex with colony PCR and yeast sfGFP flow cytometry,Adapt and validate the Slowpoke workflow on the Flex platform using six YTK promoters and confirm function in yeast.,Figure 4C | Figure 4D | Figure 4E | Figure S2,mostly,paper2protocol identify,identified,,,,,,,True,cc by,europepmc:PMC12930513,29,downloaded,https://pmc-oa-opendata.s3.amazonaws.com/PMC12930513.1/PMC12930513.1.pdf,1736348d1c57e93a2279429fb435671326beb7a616aa9b0d5a73feef2dc98c7d,6716315,11,cc by,yes,pdf/slowpoke.pdf,2 of 2 obtained: cloned,https://github.com/Tom-Ellis-Lab/Slowpoke | https://github.com/Imperial-Opentrons-Users/automated-colony-picker,62648d2bf3 | ca3bb24493,MIT | none,no,8,2.13 | 2.21 | 2.8,"yes, once sources/slowpoke/code/assemble.py binds its CSVs",sources/slowpoke/code,"PMC12930513 | PMC12930513 | PDF not retrieved: open access (CC-BY, PMC12930513) but PMC, Europe PMC, ACS and HAL return 403 or a proof-of-work bot-check page; not circumvented. Paper names two repos: Tom-Ellis-Lab/Slowpoke (MIT) and Imperial-Opentrons-Users/automated-colony-picker (no licence file; supports colony-picker hardware, 2 opentrons py files). Pipeline file is outside repo (Text2WetLab/out)."
slowpoke#exp4,slowpoke,10.1021/acssynbio.5c00629,,Slowpoke: Golden Gate cloning and colony PCR on OT-2/Flex,,2026,other Claude session,exp4,High-throughput 6-part YTK assembly of 62 plasmids on Flex with colony PCR,Test scalability of Slowpoke by assembling 62 six-part secretion constructs (endolysin/scFv) and verifying them by colony PCR (and Sanger sequencing).,Figure 5C | Figure S3,mostly,paper2protocol identify,identified,,,,,,,True,cc by,europepmc:PMC12930513,29,downloaded,https://pmc-oa-opendata.s3.amazonaws.com/PMC12930513.1/PMC12930513.1.pdf,1736348d1c57e93a2279429fb435671326beb7a616aa9b0d5a73feef2dc98c7d,6716315,11,cc by,yes,pdf/slowpoke.pdf,2 of 2 obtained: cloned,https://github.com/Tom-Ellis-Lab/Slowpoke | https://github.com/Imperial-Opentrons-Users/automated-colony-picker,62648d2bf3 | ca3bb24493,MIT | none,no,8,2.13 | 2.21 | 2.8,"yes, once sources/slowpoke/code/assemble.py binds its CSVs",sources/slowpoke/code,"PMC12930513 | PMC12930513 | PDF not retrieved: open access (CC-BY, PMC12930513) but PMC, Europe PMC, ACS and HAL return 403 or a proof-of-work bot-check page; not circumvented. Paper names two repos: Tom-Ellis-Lab/Slowpoke (MIT) and Imperial-Opentrons-Users/automated-colony-picker (no licence file; supports colony-picker hardware, 2 opentrons py files). Pipeline file is outside repo (Text2WetLab/out)."
slowpoke#exp5,slowpoke,10.1021/acssynbio.5c00629,,Slowpoke: Golden Gate cloning and colony PCR on OT-2/Flex,,2026,other Claude session,exp5,Large-scale colony PCR of 288 reactions on OT-2 for juxtracrine signaling plasmids,Demonstrate scaling of automated colony PCR setup to three 96-well plates screened by gel electrophoresis.,Figure S4,mostly,paper2protocol identify,rejected,reject,,,,colony-pcr-screening,"inspired by (handwritten, numbers differ from the script)",True,cc by,europepmc:PMC12930513,29,downloaded,https://pmc-oa-opendata.s3.amazonaws.com/PMC12930513.1/PMC12930513.1.pdf,1736348d1c57e93a2279429fb435671326beb7a616aa9b0d5a73feef2dc98c7d,6716315,11,cc by,yes,pdf/slowpoke.pdf,2 of 2 obtained: cloned,https://github.com/Tom-Ellis-Lab/Slowpoke | https://github.com/Imperial-Opentrons-Users/automated-colony-picker,62648d2bf3 | ca3bb24493,MIT | none,no,8,2.13 | 2.21 | 2.8,"yes, once sources/slowpoke/code/assemble.py binds its CSVs",sources/slowpoke/code,"PMC12930513 | PMC12930513 | PDF not retrieved: open access (CC-BY, PMC12930513) but PMC, Europe PMC, ACS and HAL return 403 or a proof-of-work bot-check page; not circumvented. Paper names two repos: Tom-Ellis-Lab/Slowpoke (MIT) and Imperial-Opentrons-Users/automated-colony-picker (no licence file; supports colony-picker hardware, 2 opentrons py files). Pipeline file is outside repo (Text2WetLab/out)."
copick#exp1,copick,10.3389/fbioe.2023.1202836,,COPICK: vision-guided colony picking,Frontiers in Bioengineering and Biotechnology,2023,other Claude session,exp1,Raw colony picking benchmark (no screening) of E. coli and P. putida plates,"Measure detection and picking accuracy, precision, sensitivity and raw performance of COPICK on 44 plates (7,446 colonies) without selection criteria.",Figure 7A,little,paper2protocol identify,identified,,,,,,,True,cc by,europepmc:PMC10315574,23,downloaded,https://www.frontiersin.org/journals/bioengineering-and-biotechnology/articles/10.3389/fbioe.2023.1202836/pdf,8c8e4b295ebfcbe47eda1478cc21883d53f8bc8d18b4bc3d47c6aeec5921ef0e,3174998,12,cc by,yes,pdf/copick.pdf,1 of 1 obtained: cloned,https://github.com/sysbio-cnb/COPICK,c850ce5765,MIT,yes,2,2.0,not tested,,"dropped from benchmark: vision-guided, not liquid handling | dropped from benchmark: vision-guided, not liquid handling | PDF from Frontiers /pdf URL (plain browser UA); repo MIT, only 2 of 25 .py files import opentrons (colony_picking_jupyter.py, test_transillum_omnitray_v3.py); orchestration is Jupyter."
copick#exp2,copick,10.3389/fbioe.2023.1202836,,COPICK: vision-guided colony picking,Frontiers in Bioengineering and Biotechnology,2023,other Claude session,exp2,Color-based cherry-picking of blue vs white E. coli DH5α colonies on X-gal plates,Test whether COPICK can select and pick 64 colonies ordered by dissimilarity to a reference blue color into a single-well plate.,Figure 7B,little,paper2protocol identify,converted,proceed_with_assumptions,major_issues,19,1,colony-picking-96well,"dropped (vision-guided, not liquid handling)",True,cc by,europepmc:PMC10315574,23,downloaded,https://www.frontiersin.org/journals/bioengineering-and-biotechnology/articles/10.3389/fbioe.2023.1202836/pdf,8c8e4b295ebfcbe47eda1478cc21883d53f8bc8d18b4bc3d47c6aeec5921ef0e,3174998,12,cc by,yes,pdf/copick.pdf,1 of 1 obtained: cloned,https://github.com/sysbio-cnb/COPICK,c850ce5765,MIT,yes,2,2.0,not tested,,"dropped from benchmark: vision-guided, not liquid handling | dropped from benchmark: vision-guided, not liquid handling | PDF from Frontiers /pdf URL (plain browser UA); repo MIT, only 2 of 25 .py files import opentrons (colony_picking_jupyter.py, test_transillum_omnitray_v3.py); orchestration is Jupyter."
copick#exp3,copick,10.3389/fbioe.2023.1202836,,COPICK: vision-guided colony picking,Frontiers in Bioengineering and Biotechnology,2023,other Claude session,exp3,Fluorescence-based cherry-picking of GFP-positive P. putida colonies,Test whether COPICK can discriminate and pick the 30 most GFP-fluorescent colonies from a 50:50 mixture of P. putida TA245 (GFP-negative) and KT-GFP in descending brightness order.,Figure 7C,little,paper2protocol identify,identified,,,,,,,True,cc by,europepmc:PMC10315574,23,downloaded,https://www.frontiersin.org/journals/bioengineering-and-biotechnology/articles/10.3389/fbioe.2023.1202836/pdf,8c8e4b295ebfcbe47eda1478cc21883d53f8bc8d18b4bc3d47c6aeec5921ef0e,3174998,12,cc by,yes,pdf/copick.pdf,1 of 1 obtained: cloned,https://github.com/sysbio-cnb/COPICK,c850ce5765,MIT,yes,2,2.0,not tested,,"dropped from benchmark: vision-guided, not liquid handling | dropped from benchmark: vision-guided, not liquid handling | PDF from Frontiers /pdf URL (plain browser UA); repo MIT, only 2 of 25 .py files import opentrons (colony_picking_jupyter.py, test_transillum_omnitray_v3.py); orchestration is Jupyter."
moeller-hackflex#exp1,moeller-hackflex,10.1186/s13059-022-02777-w,,Moeller lab microbiome DNA extraction and Hackflex library prep,Genome Biology,2022,other Claude session,exp1,"High-throughput isolate cultivation, automated DNA extraction, Hackflex library prep and whole-genome sequencing of Pan gut isolates","Validate a low-cost OpenTrons-based workflow that takes gut bacterial isolates from colony picking through DNA extraction, library prep and sequencing, and assess yield at each QC stage.",Figure 1 | Figure 2 | Figure 3 | Figure 4,mostly,paper2protocol identify,rejected,reject,,,,,,True,cc by,europepmc:PMC9558970,31,downloaded,https://pmc-oa-opendata.s3.amazonaws.com/PMC9558970.1/PMC9558970.1.pdf,1f710adf0cd12645810ee20a8ee6f5321c11dffdd192f9d82f17b706c22cd878,1892899,17,cc by,yes,pdf/moeller-hackflex.pdf,1 of 1 obtained: cloned,https://github.com/CUMoellerLab/Moeller_Opentrons_protocol_library,6414b59063,MIT,yes,19,2.0 | 2.5 | 2.8,not tested,,"rejected by sufficiency (leak guard); has .bats tests | rejected by sufficiency (leak guard); has .bats tests | PDF via PMC open-data S3 (publisher site shows bot check, not circumvented). Tests/*.bats (5 files: Extraction, Hackflex, Library_Prep, Misc, Quantification) only run opentrons_simulate on each protocol and assert exit status 0: simulation smoke tests, no output/volume assertions. robot_mentions 'Flex' is a regex false positive (substring 'flex')."
moeller-hackflex#exp2,moeller-hackflex,10.1186/s13059-022-02777-w,,Moeller lab microbiome DNA extraction and Hackflex library prep,Genome Biology,2022,other Claude session,exp2,Metagenome sequencing of wild chimpanzee and bonobo fecal samples,Generate metagenomic reads from the source fecal samples to check that isolate genomes originated from those samples and to estimate isolate relative abundance.,Figure 2A,little,paper2protocol identify,identified,,,,,,,True,cc by,europepmc:PMC9558970,31,downloaded,https://pmc-oa-opendata.s3.amazonaws.com/PMC9558970.1/PMC9558970.1.pdf,1f710adf0cd12645810ee20a8ee6f5321c11dffdd192f9d82f17b706c22cd878,1892899,17,cc by,yes,pdf/moeller-hackflex.pdf,1 of 1 obtained: cloned,https://github.com/CUMoellerLab/Moeller_Opentrons_protocol_library,6414b59063,MIT,yes,19,2.0 | 2.5 | 2.8,not tested,,"rejected by sufficiency (leak guard); has .bats tests | rejected by sufficiency (leak guard); has .bats tests | PDF via PMC open-data S3 (publisher site shows bot check, not circumvented). Tests/*.bats (5 files: Extraction, Hackflex, Library_Prep, Misc, Quantification) only run opentrons_simulate on each protocol and assert exit status 0: simulation smoke tests, no output/volume assertions. robot_mentions 'Flex' is a regex false positive (substring 'flex')."
apex#apex-p1,apex,10.1101/2024.08.13.607171,,APEX: Automated Protein EXpression in Escherichia coli,"bioRxiv (published ACS Synth. Biol., 10.1021/acssynbio.5c00189)",2024,other Claude session,apex-p1,Protocol 1: Heat shock transformation (thermocycler),,Results 'Protocol 1'; assets/protocols/protocol-1-template.py,mostly,hand-read split (not yet run through identify),not_identified,,,,,ecoli-heat-shock-transformation,"candidate real reference (APEX protocol 1); AGPL-3.0, cannot be vendored; the task itself is handwritten",False,"cc_no (bioRxiv: all rights reserved, no reuse without permission)",biorxiv,20,downloaded,https://www.biorxiv.org/content/10.1101/2024.08.13.607171v2.full.pdf,4a0cbd8b44e06efa3585ae6365d371645fac3aeb72239be7226c74bde367f54f,21481968,21,"cc_no (bioRxiv: all rights reserved, no reuse without permission)",no,pdf/apex.pdf,1 of 1 obtained: cloned,https://github.com/stracquadaniolab/apex-nf,4c2c429fec,AGPL-3.0,no,7,2.16,not tested,,"bioRxiv XML was rate-limited; repo URL unknown (stracquadaniolab/APEX is 404) | Real repo is stracquadaniolab/apex-nf (named in paper; AGPL-3.0, Nextflow, 7 protocol templates, OT-2 API 2.16). bioRxiv XML endpoint returned 429; PDF v2 downloaded via bioRxiv full.pdf. bioRxiv licence cc_no so PDF not redistributable."
apex#apex-p2,apex,10.1101/2024.08.13.607171,,APEX: Automated Protein EXpression in Escherichia coli,"bioRxiv (published ACS Synth. Biol., 10.1021/acssynbio.5c00189)",2024,other Claude session,apex-p2,Protocol 2: Colony selection (spotting cells on agar plates),,Results 'Protocol 2'; protocol-2-template.py,mostly,hand-read split (not yet run through identify),not_identified,,,,,,,False,"cc_no (bioRxiv: all rights reserved, no reuse without permission)",biorxiv,20,downloaded,https://www.biorxiv.org/content/10.1101/2024.08.13.607171v2.full.pdf,4a0cbd8b44e06efa3585ae6365d371645fac3aeb72239be7226c74bde367f54f,21481968,21,"cc_no (bioRxiv: all rights reserved, no reuse without permission)",no,pdf/apex.pdf,1 of 1 obtained: cloned,https://github.com/stracquadaniolab/apex-nf,4c2c429fec,AGPL-3.0,no,7,2.16,not tested,,"bioRxiv XML was rate-limited; repo URL unknown (stracquadaniolab/APEX is 404) | Real repo is stracquadaniolab/apex-nf (named in paper; AGPL-3.0, Nextflow, 7 protocol templates, OT-2 API 2.16). bioRxiv XML endpoint returned 429; PDF v2 downloaded via bioRxiv full.pdf. bioRxiv licence cc_no so PDF not redistributable."
apex#apex-p3,apex,10.1101/2024.08.13.607171,,APEX: Automated Protein EXpression in Escherichia coli,"bioRxiv (published ACS Synth. Biol., 10.1021/acssynbio.5c00189)",2024,other Claude session,apex-p3,Protocol 3: Colony sampling (picking into culture plates),,Results 'Protocol 3'; protocol-3-template.py,mostly,hand-read split (not yet run through identify),not_identified,,,,,,,False,"cc_no (bioRxiv: all rights reserved, no reuse without permission)",biorxiv,20,downloaded,https://www.biorxiv.org/content/10.1101/2024.08.13.607171v2.full.pdf,4a0cbd8b44e06efa3585ae6365d371645fac3aeb72239be7226c74bde367f54f,21481968,21,"cc_no (bioRxiv: all rights reserved, no reuse without permission)",no,pdf/apex.pdf,1 of 1 obtained: cloned,https://github.com/stracquadaniolab/apex-nf,4c2c429fec,AGPL-3.0,no,7,2.16,not tested,,"bioRxiv XML was rate-limited; repo URL unknown (stracquadaniolab/APEX is 404) | Real repo is stracquadaniolab/apex-nf (named in paper; AGPL-3.0, Nextflow, 7 protocol templates, OT-2 API 2.16). bioRxiv XML endpoint returned 429; PDF v2 downloaded via bioRxiv full.pdf. bioRxiv licence cc_no so PDF not redistributable."
apex#apex-p4,apex,10.1101/2024.08.13.607171,,APEX: Automated Protein EXpression in Escherichia coli,"bioRxiv (published ACS Synth. Biol., 10.1021/acssynbio.5c00189)",2024,other Claude session,apex-p4,Protocol 4: Protein expression induction,,Results 'Protocol 4'; protocol-4-template.py,mostly,hand-read split (not yet run through identify),not_identified,,,,,,,False,"cc_no (bioRxiv: all rights reserved, no reuse without permission)",biorxiv,20,downloaded,https://www.biorxiv.org/content/10.1101/2024.08.13.607171v2.full.pdf,4a0cbd8b44e06efa3585ae6365d371645fac3aeb72239be7226c74bde367f54f,21481968,21,"cc_no (bioRxiv: all rights reserved, no reuse without permission)",no,pdf/apex.pdf,1 of 1 obtained: cloned,https://github.com/stracquadaniolab/apex-nf,4c2c429fec,AGPL-3.0,no,7,2.16,not tested,,"bioRxiv XML was rate-limited; repo URL unknown (stracquadaniolab/APEX is 404) | Real repo is stracquadaniolab/apex-nf (named in paper; AGPL-3.0, Nextflow, 7 protocol templates, OT-2 API 2.16). bioRxiv XML endpoint returned 429; PDF v2 downloaded via bioRxiv full.pdf. bioRxiv licence cc_no so PDF not redistributable."
apex#apex-p5,apex,10.1101/2024.08.13.607171,,APEX: Automated Protein EXpression in Escherichia coli,"bioRxiv (published ACS Synth. Biol., 10.1021/acssynbio.5c00189)",2024,other Claude session,apex-p5,Protocol 5: Colony PCR sample preparation,,repo protocol-5-template.py (7 protocols in code; 4 core in paper text),mostly,hand-read split (not yet run through identify),not_identified,,,,,colony-pcr-screening,"candidate real reference (APEX protocol 5, colony PCR sample prep); AGPL-3.0, cannot be vendored",False,"cc_no (bioRxiv: all rights reserved, no reuse without permission)",biorxiv,20,downloaded,https://www.biorxiv.org/content/10.1101/2024.08.13.607171v2.full.pdf,4a0cbd8b44e06efa3585ae6365d371645fac3aeb72239be7226c74bde367f54f,21481968,21,"cc_no (bioRxiv: all rights reserved, no reuse without permission)",no,pdf/apex.pdf,1 of 1 obtained: cloned,https://github.com/stracquadaniolab/apex-nf,4c2c429fec,AGPL-3.0,no,7,2.16,not tested,,"bioRxiv XML was rate-limited; repo URL unknown (stracquadaniolab/APEX is 404) | Real repo is stracquadaniolab/apex-nf (named in paper; AGPL-3.0, Nextflow, 7 protocol templates, OT-2 API 2.16). bioRxiv XML endpoint returned 429; PDF v2 downloaded via bioRxiv full.pdf. bioRxiv licence cc_no so PDF not redistributable."
apex#apex-p6,apex,10.1101/2024.08.13.607171,,APEX: Automated Protein EXpression in Escherichia coli,"bioRxiv (published ACS Synth. Biol., 10.1021/acssynbio.5c00189)",2024,other Claude session,apex-p6,Protocol 6: SDS-PAGE sample preparation,,repo protocol-6-template.py,mostly,hand-read split (not yet run through identify),not_identified,,,,,,,False,"cc_no (bioRxiv: all rights reserved, no reuse without permission)",biorxiv,20,downloaded,https://www.biorxiv.org/content/10.1101/2024.08.13.607171v2.full.pdf,4a0cbd8b44e06efa3585ae6365d371645fac3aeb72239be7226c74bde367f54f,21481968,21,"cc_no (bioRxiv: all rights reserved, no reuse without permission)",no,pdf/apex.pdf,1 of 1 obtained: cloned,https://github.com/stracquadaniolab/apex-nf,4c2c429fec,AGPL-3.0,no,7,2.16,not tested,,"bioRxiv XML was rate-limited; repo URL unknown (stracquadaniolab/APEX is 404) | Real repo is stracquadaniolab/apex-nf (named in paper; AGPL-3.0, Nextflow, 7 protocol templates, OT-2 API 2.16). bioRxiv XML endpoint returned 429; PDF v2 downloaded via bioRxiv full.pdf. bioRxiv licence cc_no so PDF not redistributable."
apex#apex-p7,apex,10.1101/2024.08.13.607171,,APEX: Automated Protein EXpression in Escherichia coli,"bioRxiv (published ACS Synth. Biol., 10.1021/acssynbio.5c00189)",2024,other Claude session,apex-p7,Protocol 7: OD600 reading sample preparation,,repo protocol-7-template.py,mostly,hand-read split (not yet run through identify),not_identified,,,,,,,False,"cc_no (bioRxiv: all rights reserved, no reuse without permission)",biorxiv,20,downloaded,https://www.biorxiv.org/content/10.1101/2024.08.13.607171v2.full.pdf,4a0cbd8b44e06efa3585ae6365d371645fac3aeb72239be7226c74bde367f54f,21481968,21,"cc_no (bioRxiv: all rights reserved, no reuse without permission)",no,pdf/apex.pdf,1 of 1 obtained: cloned,https://github.com/stracquadaniolab/apex-nf,4c2c429fec,AGPL-3.0,no,7,2.16,not tested,,"bioRxiv XML was rate-limited; repo URL unknown (stracquadaniolab/APEX is 404) | Real repo is stracquadaniolab/apex-nf (named in paper; AGPL-3.0, Nextflow, 7 protocol templates, OT-2 API 2.16). bioRxiv XML endpoint returned 429; PDF v2 downloaded via bioRxiv full.pdf. bioRxiv licence cc_no so PDF not redistributable."
polar-robot-1#polartron-1,polar-robot-1,10.1371/journal.pone.0294283,,"A rapid, low-cost, and highly sensitive SARS-CoV-2 diagnostic based on whole-genome sequencing (POLAR; automated variant POLARtron on protocols.io)",,2023,other Claude session,polartron-1,RNA extraction from swab VTM with Zymo Quick-DNA/RNA Viral MagBead kit,,protocols.io POLARtron (10.17504/protocols.io.81wgbp8jqvpk/v2) materials list; PLOS ONE methods use Quick-RNA Viral kit R1034 manually,mostly,hand-read split (not yet run through identify),not_identified,,,,,,,True,cc by,europepmc:PMC10688730,22,downloaded,https://journals.plos.org/plosone/article/file?id=10.1371/journal.pone.0294283&type=printable,b7e2aa84e440e52cbacd4e0bcf6c018ae7b6650cc0fd4299b28c08be165751c7,2563380,24,cc by,yes,pdf/polar-robot-1.pdf,2 of 2 obtained: cloned,https://github.com/aidenlab/BEAR | https://github.com/aidenlab/PAP,3637940319 | ddc995b264,MIT | none,no,0,,not tested,,"paper and code to be located | IDENTIFIED (medium-low confidence): POLAR paper, PLOS ONE 18(11) e0294283, CC BY; the Opentrons variant POLARtron exists only as a protocols.io protocol (CC BY, 'In development'). Neither the paper (0 mentions of Opentrons) nor repos aidenlab/BEAR (MIT) / aidenlab/PAP (no licence) contain OT-2 scripts; no 'robot 1'/'robot 2' wording found. OT-2 code NOT found."
polar-robot-1#polartron-2,polar-robot-1,10.1371/journal.pone.0294283,,"A rapid, low-cost, and highly sensitive SARS-CoV-2 diagnostic based on whole-genome sequencing (POLAR; automated variant POLARtron on protocols.io)",,2023,other Claude session,polartron-2,"Reverse transcription, ARTIC V3 multiplex PCR, tagmentation library prep (Illumina Nextera Flex), pooling/cleanup",,PLOS ONE 2023 Methods; protocols.io POLARtron,mostly,hand-read split (not yet run through identify),not_identified,,,,,,,True,cc by,europepmc:PMC10688730,22,downloaded,https://journals.plos.org/plosone/article/file?id=10.1371/journal.pone.0294283&type=printable,b7e2aa84e440e52cbacd4e0bcf6c018ae7b6650cc0fd4299b28c08be165751c7,2563380,24,cc by,yes,pdf/polar-robot-1.pdf,2 of 2 obtained: cloned,https://github.com/aidenlab/BEAR | https://github.com/aidenlab/PAP,3637940319 | ddc995b264,MIT | none,no,0,,not tested,,"paper and code to be located | IDENTIFIED (medium-low confidence): POLAR paper, PLOS ONE 18(11) e0294283, CC BY; the Opentrons variant POLARtron exists only as a protocols.io protocol (CC BY, 'In development'). Neither the paper (0 mentions of Opentrons) nor repos aidenlab/BEAR (MIT) / aidenlab/PAP (no licence) contain OT-2 scripts; no 'robot 1'/'robot 2' wording found. OT-2 code NOT found."
pioneer-ngs#pioneer-1,pioneer-ngs,,,Automated Illumina NGS library prep on Hamilton STARlet with PyLabRobot (Pioneer Labs),,,other Claude session,pioneer-1,Lysis buffer addition / resuspension and sample consolidation across 96-well plates,,repo README + docs/LPM_USERGUIDE.md,mostly,hand-read split (not yet run through identify),not_identified,,,,,ampure-bead-cleanup,"claimed source, NOT supported: the repo has no AMPure step (Hamilton, PyLabRobot)",False,,,,not_ingested,,,,,,,,1 of 1 obtained: cloned,https://github.com/Pioneer-Research-Labs/ngs_library_prep,343d3fb084,none,no,0,,not tested,,"paper and code to be located; Hamilton, not OT-2 | Code only, NO paper found. Repo Pioneer-Research-Labs/ngs_library_prep (no licence file; PyLabRobot, Hamilton STARlet, 6 .py plus notebooks, 0 opentrons). grep for ampure/bead/magnet/clean in repo returned nothing, so AMPure bead cleanup is not in this repo; identification as the intended source is low confidence."
pioneer-ngs#pioneer-2,pioneer-ngs,,,Automated Illumina NGS library prep on Hamilton STARlet with PyLabRobot (Pioneer Labs),,,other Claude session,pioneer-2,Adapter PCR setup (same primers across samples),,README,mostly,hand-read split (not yet run through identify),not_identified,,,,,ampure-bead-cleanup,"claimed source, NOT supported: the repo has no AMPure step (Hamilton, PyLabRobot)",False,,,,not_ingested,,,,,,,,1 of 1 obtained: cloned,https://github.com/Pioneer-Research-Labs/ngs_library_prep,343d3fb084,none,no,0,,not tested,,"paper and code to be located; Hamilton, not OT-2 | Code only, NO paper found. Repo Pioneer-Research-Labs/ngs_library_prep (no licence file; PyLabRobot, Hamilton STARlet, 6 .py plus notebooks, 0 opentrons). grep for ampure/bead/magnet/clean in repo returned nothing, so AMPure bead cleanup is not in this repo; identification as the intended source is low confidence."
pioneer-ngs#pioneer-3,pioneer-ngs,,,Automated Illumina NGS library prep on Hamilton STARlet with PyLabRobot (Pioneer Labs),,,other Claude session,pioneer-3,"Index PCR setup (per-sample primers, optional Exo1 dispense)",,README scripts/adapter_to_index_PCR.ipynb,mostly,hand-read split (not yet run through identify),not_identified,,,,,ampure-bead-cleanup,"claimed source, NOT supported: the repo has no AMPure step (Hamilton, PyLabRobot)",False,,,,not_ingested,,,,,,,,1 of 1 obtained: cloned,https://github.com/Pioneer-Research-Labs/ngs_library_prep,343d3fb084,none,no,0,,not tested,,"paper and code to be located; Hamilton, not OT-2 | Code only, NO paper found. Repo Pioneer-Research-Labs/ngs_library_prep (no licence file; PyLabRobot, Hamilton STARlet, 6 .py plus notebooks, 0 opentrons). grep for ampure/bead/magnet/clean in repo returned nothing, so AMPure bead cleanup is not in this repo; identification as the intended source is low confidence."
proxy-viscometer#viscometer-1,proxy-viscometer,10.1039/d2dd00126h,,ProxyViscometer (Kedar lab): polymer viscosity by aspiration timing,Digital Discovery,2023,other Claude session,viscometer-1,Gravimetric dispense calibration/scaling analysis for Newtonian fluids 1500-12000 cP (2023),,d2dd00126h; OT-2_ProxyViscometerProtocol.py,mostly,hand-read split (not yet run through identify),not_identified,,,,,,,True,cc by 3.0 (2023 paper); 2025 follow-up 10.1039/d4dd00368c is cc by-nc 3.0 (repo copy cc by),,,downloaded,https://www.repository.cam.ac.uk/bitstreams/b14ca825-6a2d-44b0-90bd-34b4bc62487d/download,df1cdfcf60f9da2ed6824aa837e32d51e88f79bb543fd00b793cd55763853229,1658744,8,cc by,yes,pdf/proxy-viscometer.pdf,1 of 1 obtained: cloned,https://github.com/Kedar-Materials-by-Design-Lab/Opentrons-ProxyViscometer,7ee24d70b7,none,no,1,2.10,not tested,,"paper and code to be located; materials science, excluded as an outlier | Identified with high confidence: Soh et al. Digital Discovery 2023 (Hippalgaonkar lab); repo named in README/paper. Mechanism is gravimetric dispense over fixed time, not aspiration timing."
proxy-viscometer#viscometer-2,proxy-viscometer,10.1039/d2dd00126h,,ProxyViscometer (Kedar lab): polymer viscosity by aspiration timing,Digital Discovery,2023,other Claude session,viscometer-2,Dispense-flow-rate sweep for ML viscosity regression 20-20000 cP (2025),,d4dd00368c; same repo,mostly,hand-read split (not yet run through identify),not_identified,,,,,,,True,cc by 3.0 (2023 paper); 2025 follow-up 10.1039/d4dd00368c is cc by-nc 3.0 (repo copy cc by),,,downloaded,https://www.repository.cam.ac.uk/bitstreams/b14ca825-6a2d-44b0-90bd-34b4bc62487d/download,df1cdfcf60f9da2ed6824aa837e32d51e88f79bb543fd00b793cd55763853229,1658744,8,cc by,yes,pdf/proxy-viscometer.pdf,1 of 1 obtained: cloned,https://github.com/Kedar-Materials-by-Design-Lab/Opentrons-ProxyViscometer,7ee24d70b7,none,no,1,2.10,not tested,,"paper and code to be located; materials science, excluded as an outlier | Identified with high confidence: Soh et al. Digital Discovery 2023 (Hippalgaonkar lab); repo named in README/paper. Mechanism is gravimetric dispense over fixed time, not aspiration timing."
